<annotation>
	<folder></folder>
	<filename>blast_orig_005_jpg.rf.0dc23236883af75d4b2109cc6bfa8017.jpg</filename>
	<path>blast_orig_005_jpg.rf.0dc23236883af75d4b2109cc6bfa8017.jpg</path>
	<source>
		<database>roboflow.ai</database>
	</source>
	<size>
		<width>300</width>
		<height>300</height>
		<depth>3</depth>
	</size>
	<segmented>0</segmented>
	<object>
		<name>1 RiceBlast</name>
		<pose>Unspecified</pose>
		<truncated>0</truncated>
		<difficult>0</difficult>
		<occluded>0</occluded>
		<bndbox>
			<xmin>11</xmin>
			<xmax>100</xmax>
			<ymin>6</ymin>
			<ymax>84</ymax>
		</bndbox>
	</object>
</annotation>
