<annotation>
	<folder></folder>
	<filename>blast_orig_009_jpg.rf.eef4b1d74e452fcb6b79c116bf0c5101.jpg</filename>
	<path>blast_orig_009_jpg.rf.eef4b1d74e452fcb6b79c116bf0c5101.jpg</path>
	<source>
		<database>roboflow.ai</database>
	</source>
	<size>
		<width>300</width>
		<height>300</height>
		<depth>3</depth>
	</size>
	<segmented>0</segmented>
	<object>
		<name>1 RiceBlast</name>
		<pose>Unspecified</pose>
		<truncated>0</truncated>
		<difficult>0</difficult>
		<occluded>0</occluded>
		<bndbox>
			<xmin>224</xmin>
			<xmax>300</xmax>
			<ymin>95</ymin>
			<ymax>204</ymax>
		</bndbox>
	</object>
</annotation>
