<annotation>
	<folder></folder>
	<filename>blast_orig_007_jpg.rf.40af58869d11aa7b0d8d9b1360d809f5.jpg</filename>
	<path>blast_orig_007_jpg.rf.40af58869d11aa7b0d8d9b1360d809f5.jpg</path>
	<source>
		<database>roboflow.ai</database>
	</source>
	<size>
		<width>300</width>
		<height>300</height>
		<depth>3</depth>
	</size>
	<segmented>0</segmented>
	<object>
		<name>1 RiceBlast</name>
		<pose>Unspecified</pose>
		<truncated>0</truncated>
		<difficult>0</difficult>
		<occluded>0</occluded>
		<bndbox>
			<xmin>203</xmin>
			<xmax>291</xmax>
			<ymin>111</ymin>
			<ymax>177</ymax>
		</bndbox>
	</object>
</annotation>
