<annotation>
	<folder></folder>
	<filename>blast_orig_011_jpg.rf.f42a7c9791c6986cf25721c22655cf65.jpg</filename>
	<path>blast_orig_011_jpg.rf.f42a7c9791c6986cf25721c22655cf65.jpg</path>
	<source>
		<database>roboflow.ai</database>
	</source>
	<size>
		<width>300</width>
		<height>300</height>
		<depth>3</depth>
	</size>
	<segmented>0</segmented>
	<object>
		<name>1 RiceBlast</name>
		<pose>Unspecified</pose>
		<truncated>0</truncated>
		<difficult>0</difficult>
		<occluded>0</occluded>
		<bndbox>
			<xmin>36</xmin>
			<xmax>129</xmax>
			<ymin>175</ymin>
			<ymax>275</ymax>
		</bndbox>
	</object>
</annotation>
