<annotation>
	<folder></folder>
	<filename>blast_orig_013_jpg.rf.d99d38285e1846db201a8237a8acee67.jpg</filename>
	<path>blast_orig_013_jpg.rf.d99d38285e1846db201a8237a8acee67.jpg</path>
	<source>
		<database>roboflow.ai</database>
	</source>
	<size>
		<width>300</width>
		<height>300</height>
		<depth>3</depth>
	</size>
	<segmented>0</segmented>
	<object>
		<name>1 RiceBlast</name>
		<pose>Unspecified</pose>
		<truncated>0</truncated>
		<difficult>0</difficult>
		<occluded>0</occluded>
		<bndbox>
			<xmin>222</xmin>
			<xmax>276</xmax>
			<ymin>150</ymin>
			<ymax>214</ymax>
		</bndbox>
	</object>
</annotation>
