<annotation>
	<folder></folder>
	<filename>blast_orig_012_png.rf.60e05a08289baeaa94d8fb438cf80ec4.jpg</filename>
	<path>blast_orig_012_png.rf.60e05a08289baeaa94d8fb438cf80ec4.jpg</path>
	<source>
		<database>roboflow.ai</database>
	</source>
	<size>
		<width>300</width>
		<height>300</height>
		<depth>3</depth>
	</size>
	<segmented>0</segmented>
	<object>
		<name>1 RiceBlast</name>
		<pose>Unspecified</pose>
		<truncated>0</truncated>
		<difficult>0</difficult>
		<occluded>0</occluded>
		<bndbox>
			<xmin>126</xmin>
			<xmax>164</xmax>
			<ymin>145</ymin>
			<ymax>199</ymax>
		</bndbox>
	</object>
	<object>
		<name>1 RiceBlast</name>
		<pose>Unspecified</pose>
		<truncated>0</truncated>
		<difficult>0</difficult>
		<occluded>0</occluded>
		<bndbox>
			<xmin>162</xmin>
			<xmax>184</xmax>
			<ymin>110</ymin>
			<ymax>126</ymax>
		</bndbox>
	</object>
	<object>
		<name>1 RiceBlast</name>
		<pose>Unspecified</pose>
		<truncated>0</truncated>
		<difficult>0</difficult>
		<occluded>0</occluded>
		<bndbox>
			<xmin>167</xmin>
			<xmax>197</xmax>
			<ymin>134</ymin>
			<ymax>157</ymax>
		</bndbox>
	</object>
	<object>
		<name>1 RiceBlast</name>
		<pose>Unspecified</pose>
		<truncated>0</truncated>
		<difficult>0</difficult>
		<occluded>0</occluded>
		<bndbox>
			<xmin>217</xmin>
			<xmax>256</xmax>
			<ymin>122</ymin>
			<ymax>149</ymax>
		</bndbox>
	</object>
	<object>
		<name>1 RiceBlast</name>
		<pose>Unspecified</pose>
		<truncated>0</truncated>
		<difficult>0</difficult>
		<occluded>0</occluded>
		<bndbox>
			<xmin>248</xmin>
			<xmax>282</xmax>
			<ymin>160</ymin>
			<ymax>187</ymax>
		</bndbox>
	</object>
	<object>
		<name>1 RiceBlast</name>
		<pose>Unspecified</pose>
		<truncated>0</truncated>
		<difficult>0</difficult>
		<occluded>0</occluded>
		<bndbox>
			<xmin>206</xmin>
			<xmax>241</xmax>
			<ymin>174</ymin>
			<ymax>215</ymax>
		</bndbox>
	</object>
	<object>
		<name>1 RiceBlast</name>
		<pose>Unspecified</pose>
		<truncated>0</truncated>
		<difficult>0</difficult>
		<occluded>0</occluded>
		<bndbox>
			<xmin>221</xmin>
			<xmax>258</xmax>
			<ymin>218</ymin>
			<ymax>253</ymax>
		</bndbox>
	</object>
	<object>
		<name>1 RiceBlast</name>
		<pose>Unspecified</pose>
		<truncated>0</truncated>
		<difficult>0</difficult>
		<occluded>0</occluded>
		<bndbox>
			<xmin>163</xmin>
			<xmax>206</xmax>
			<ymin>231</ymin>
			<ymax>288</ymax>
		</bndbox>
	</object>
	<object>
		<name>1 RiceBlast</name>
		<pose>Unspecified</pose>
		<truncated>0</truncated>
		<difficult>0</difficult>
		<occluded>0</occluded>
		<bndbox>
			<xmin>119</xmin>
			<xmax>166</xmax>
			<ymin>72</ymin>
			<ymax>122</ymax>
		</bndbox>
	</object>
	<object>
		<name>1 RiceBlast</name>
		<pose>Unspecified</pose>
		<truncated>0</truncated>
		<difficult>0</difficult>
		<occluded>0</occluded>
		<bndbox>
			<xmin>78</xmin>
			<xmax>104</xmax>
			<ymin>35</ymin>
			<ymax>66</ymax>
		</bndbox>
	</object>
	<object>
		<name>1 RiceBlast</name>
		<pose>Unspecified</pose>
		<truncated>0</truncated>
		<difficult>0</difficult>
		<occluded>0</occluded>
		<bndbox>
			<xmin>167</xmin>
			<xmax>226</xmax>
			<ymin>49</ymin>
			<ymax>84</ymax>
		</bndbox>
	</object>
	<object>
		<name>1 RiceBlast</name>
		<pose>Unspecified</pose>
		<truncated>0</truncated>
		<difficult>0</difficult>
		<occluded>0</occluded>
		<bndbox>
			<xmin>220</xmin>
			<xmax>251</xmax>
			<ymin>40</ymin>
			<ymax>83</ymax>
		</bndbox>
	</object>
	<object>
		<name>1 RiceBlast</name>
		<pose>Unspecified</pose>
		<truncated>0</truncated>
		<difficult>0</difficult>
		<occluded>0</occluded>
		<bndbox>
			<xmin>215</xmin>
			<xmax>266</xmax>
			<ymin>87</ymin>
			<ymax>137</ymax>
		</bndbox>
	</object>
	<object>
		<name>1 RiceBlast</name>
		<pose>Unspecified</pose>
		<truncated>0</truncated>
		<difficult>0</difficult>
		<occluded>0</occluded>
		<bndbox>
			<xmin>40</xmin>
			<xmax>81</xmax>
			<ymin>2</ymin>
			<ymax>23</ymax>
		</bndbox>
	</object>
</annotation>
