<annotation>
	<folder></folder>
	<filename>blast_orig_021_jpg.rf.904f74f4add4f452970bd9b6a0d6bbeb.jpg</filename>
	<path>blast_orig_021_jpg.rf.904f74f4add4f452970bd9b6a0d6bbeb.jpg</path>
	<source>
		<database>roboflow.ai</database>
	</source>
	<size>
		<width>300</width>
		<height>300</height>
		<depth>3</depth>
	</size>
	<segmented>0</segmented>
	<object>
		<name>1 RiceBlast</name>
		<pose>Unspecified</pose>
		<truncated>0</truncated>
		<difficult>0</difficult>
		<occluded>0</occluded>
		<bndbox>
			<xmin>241</xmin>
			<xmax>300</xmax>
			<ymin>60</ymin>
			<ymax>157</ymax>
		</bndbox>
	</object>
</annotation>
