<annotation>
	<folder></folder>
	<filename>blast_orig_022_png.rf.9ee9c9766011eabaf68171b6ba639af1.jpg</filename>
	<path>blast_orig_022_png.rf.9ee9c9766011eabaf68171b6ba639af1.jpg</path>
	<source>
		<database>roboflow.ai</database>
	</source>
	<size>
		<width>300</width>
		<height>300</height>
		<depth>3</depth>
	</size>
	<segmented>0</segmented>
	<object>
		<name>1 RiceBlast</name>
		<pose>Unspecified</pose>
		<truncated>0</truncated>
		<difficult>0</difficult>
		<occluded>0</occluded>
		<bndbox>
			<xmin>60</xmin>
			<xmax>106</xmax>
			<ymin>124</ymin>
			<ymax>174</ymax>
		</bndbox>
	</object>
	<object>
		<name>1 RiceBlast</name>
		<pose>Unspecified</pose>
		<truncated>0</truncated>
		<difficult>0</difficult>
		<occluded>0</occluded>
		<bndbox>
			<xmin>66</xmin>
			<xmax>114</xmax>
			<ymin>77</ymin>
			<ymax>131</ymax>
		</bndbox>
	</object>
	<object>
		<name>1 RiceBlast</name>
		<pose>Unspecified</pose>
		<truncated>0</truncated>
		<difficult>0</difficult>
		<occluded>0</occluded>
		<bndbox>
			<xmin>64</xmin>
			<xmax>133</xmax>
			<ymin>184</ymin>
			<ymax>262</ymax>
		</bndbox>
	</object>
</annotation>
