<annotation>
	<folder></folder>
	<filename>blast_orig_019_jpg.rf.a389a3f3de30eed6f29ea8ca68d88cc0.jpg</filename>
	<path>blast_orig_019_jpg.rf.a389a3f3de30eed6f29ea8ca68d88cc0.jpg</path>
	<source>
		<database>roboflow.ai</database>
	</source>
	<size>
		<width>300</width>
		<height>300</height>
		<depth>3</depth>
	</size>
	<segmented>0</segmented>
	<object>
		<name>1 RiceBlast</name>
		<pose>Unspecified</pose>
		<truncated>0</truncated>
		<difficult>0</difficult>
		<occluded>0</occluded>
		<bndbox>
			<xmin>58</xmin>
			<xmax>166</xmax>
			<ymin>94</ymin>
			<ymax>219</ymax>
		</bndbox>
	</object>
</annotation>
