<annotation>
	<folder></folder>
	<filename>blast_orig_023_jpg.rf.db2ab8c1807f8cf1d250f74cf8e204eb.jpg</filename>
	<path>blast_orig_023_jpg.rf.db2ab8c1807f8cf1d250f74cf8e204eb.jpg</path>
	<source>
		<database>roboflow.ai</database>
	</source>
	<size>
		<width>300</width>
		<height>300</height>
		<depth>3</depth>
	</size>
	<segmented>0</segmented>
	<object>
		<name>1 RiceBlast</name>
		<pose>Unspecified</pose>
		<truncated>0</truncated>
		<difficult>0</difficult>
		<occluded>0</occluded>
		<bndbox>
			<xmin>112</xmin>
			<xmax>161</xmax>
			<ymin>119</ymin>
			<ymax>163</ymax>
		</bndbox>
	</object>
	<object>
		<name>1 RiceBlast</name>
		<pose>Unspecified</pose>
		<truncated>0</truncated>
		<difficult>0</difficult>
		<occluded>0</occluded>
		<bndbox>
			<xmin>1</xmin>
			<xmax>72</xmax>
			<ymin>200</ymin>
			<ymax>287</ymax>
		</bndbox>
	</object>
</annotation>
