<annotation>
	<folder></folder>
	<filename>blast_orig_026_png.rf.e22e48272c3d81de11f5f0fbed97bbda.jpg</filename>
	<path>blast_orig_026_png.rf.e22e48272c3d81de11f5f0fbed97bbda.jpg</path>
	<source>
		<database>roboflow.ai</database>
	</source>
	<size>
		<width>300</width>
		<height>300</height>
		<depth>3</depth>
	</size>
	<segmented>0</segmented>
	<object>
		<name>1 RiceBlast</name>
		<pose>Unspecified</pose>
		<truncated>0</truncated>
		<difficult>0</difficult>
		<occluded>0</occluded>
		<bndbox>
			<xmin>105</xmin>
			<xmax>171</xmax>
			<ymin>29</ymin>
			<ymax>80</ymax>
		</bndbox>
	</object>
	<object>
		<name>1 RiceBlast</name>
		<pose>Unspecified</pose>
		<truncated>0</truncated>
		<difficult>0</difficult>
		<occluded>0</occluded>
		<bndbox>
			<xmin>143</xmin>
			<xmax>217</xmax>
			<ymin>136</ymin>
			<ymax>209</ymax>
		</bndbox>
	</object>
</annotation>
