<annotation>
	<folder></folder>
	<filename>blast_orig_032_png.rf.60c7ca211ffaf3ef649e8fd916f71da3.jpg</filename>
	<path>blast_orig_032_png.rf.60c7ca211ffaf3ef649e8fd916f71da3.jpg</path>
	<source>
		<database>roboflow.ai</database>
	</source>
	<size>
		<width>300</width>
		<height>300</height>
		<depth>3</depth>
	</size>
	<segmented>0</segmented>
	<object>
		<name>1 RiceBlast</name>
		<pose>Unspecified</pose>
		<truncated>0</truncated>
		<difficult>0</difficult>
		<occluded>0</occluded>
		<bndbox>
			<xmin>92</xmin>
			<xmax>147</xmax>
			<ymin>154</ymin>
			<ymax>221</ymax>
		</bndbox>
	</object>
	<object>
		<name>1 RiceBlast</name>
		<pose>Unspecified</pose>
		<truncated>0</truncated>
		<difficult>0</difficult>
		<occluded>0</occluded>
		<bndbox>
			<xmin>98</xmin>
			<xmax>176</xmax>
			<ymin>224</ymin>
			<ymax>286</ymax>
		</bndbox>
	</object>
</annotation>
