<annotation>
	<folder></folder>
	<filename>blast_orig_027_jpg.rf.1a63ea59e91ad5efad08a1c2219cdf96.jpg</filename>
	<path>blast_orig_027_jpg.rf.1a63ea59e91ad5efad08a1c2219cdf96.jpg</path>
	<source>
		<database>roboflow.ai</database>
	</source>
	<size>
		<width>300</width>
		<height>300</height>
		<depth>3</depth>
	</size>
	<segmented>0</segmented>
	<object>
		<name>1 RiceBlast</name>
		<pose>Unspecified</pose>
		<truncated>0</truncated>
		<difficult>0</difficult>
		<occluded>0</occluded>
		<bndbox>
			<xmin>240</xmin>
			<xmax>286</xmax>
			<ymin>188</ymin>
			<ymax>243</ymax>
		</bndbox>
	</object>
</annotation>
