<annotation>
	<folder></folder>
	<filename>blast_orig_047_jpg.rf.83142ac67519d9ef99987989439b8909.jpg</filename>
	<path>blast_orig_047_jpg.rf.83142ac67519d9ef99987989439b8909.jpg</path>
	<source>
		<database>roboflow.ai</database>
	</source>
	<size>
		<width>300</width>
		<height>300</height>
		<depth>3</depth>
	</size>
	<segmented>0</segmented>
	<object>
		<name>1 RiceBlast</name>
		<pose>Unspecified</pose>
		<truncated>0</truncated>
		<difficult>0</difficult>
		<occluded>0</occluded>
		<bndbox>
			<xmin>210</xmin>
			<xmax>234</xmax>
			<ymin>60</ymin>
			<ymax>92</ymax>
		</bndbox>
	</object>
	<object>
		<name>1 RiceBlast</name>
		<pose>Unspecified</pose>
		<truncated>0</truncated>
		<difficult>0</difficult>
		<occluded>0</occluded>
		<bndbox>
			<xmin>234</xmin>
			<xmax>263</xmax>
			<ymin>32</ymin>
			<ymax>59</ymax>
		</bndbox>
	</object>
</annotation>
