<annotation>
	<folder></folder>
	<filename>blast_orig_042_png.rf.986def80d44ff4a8dd42bd3349481598.jpg</filename>
	<path>blast_orig_042_png.rf.986def80d44ff4a8dd42bd3349481598.jpg</path>
	<source>
		<database>roboflow.ai</database>
	</source>
	<size>
		<width>300</width>
		<height>300</height>
		<depth>3</depth>
	</size>
	<segmented>0</segmented>
	<object>
		<name>1 RiceBlast</name>
		<pose>Unspecified</pose>
		<truncated>0</truncated>
		<difficult>0</difficult>
		<occluded>0</occluded>
		<bndbox>
			<xmin>58</xmin>
			<xmax>156</xmax>
			<ymin>70</ymin>
			<ymax>136</ymax>
		</bndbox>
	</object>
	<object>
		<name>1 RiceBlast</name>
		<pose>Unspecified</pose>
		<truncated>0</truncated>
		<difficult>0</difficult>
		<occluded>0</occluded>
		<bndbox>
			<xmin>77</xmin>
			<xmax>213</xmax>
			<ymin>156</ymin>
			<ymax>237</ymax>
		</bndbox>
	</object>
	<object>
		<name>1 RiceBlast</name>
		<pose>Unspecified</pose>
		<truncated>0</truncated>
		<difficult>0</difficult>
		<occluded>0</occluded>
		<bndbox>
			<xmin>107</xmin>
			<xmax>186</xmax>
			<ymin>246</ymin>
			<ymax>300</ymax>
		</bndbox>
	</object>
</annotation>
