<annotation>
	<folder></folder>
	<filename>blast_orig_046_png.rf.03f1dc3951861565618c345091a783d4.jpg</filename>
	<path>blast_orig_046_png.rf.03f1dc3951861565618c345091a783d4.jpg</path>
	<source>
		<database>roboflow.ai</database>
	</source>
	<size>
		<width>300</width>
		<height>300</height>
		<depth>3</depth>
	</size>
	<segmented>0</segmented>
	<object>
		<name>1 RiceBlast</name>
		<pose>Unspecified</pose>
		<truncated>0</truncated>
		<difficult>0</difficult>
		<occluded>0</occluded>
		<bndbox>
			<xmin>100</xmin>
			<xmax>203</xmax>
			<ymin>143</ymin>
			<ymax>235</ymax>
		</bndbox>
	</object>
	<object>
		<name>1 RiceBlast</name>
		<pose>Unspecified</pose>
		<truncated>0</truncated>
		<difficult>0</difficult>
		<occluded>0</occluded>
		<bndbox>
			<xmin>115</xmin>
			<xmax>186</xmax>
			<ymin>47</ymin>
			<ymax>129</ymax>
		</bndbox>
	</object>
</annotation>
