<annotation>
	<folder></folder>
	<filename>blast_orig_051_JPG.rf.22e74feff8e08d97c429e5397fb244a3.jpg</filename>
	<path>blast_orig_051_JPG.rf.22e74feff8e08d97c429e5397fb244a3.jpg</path>
	<source>
		<database>roboflow.ai</database>
	</source>
	<size>
		<width>300</width>
		<height>300</height>
		<depth>3</depth>
	</size>
	<segmented>0</segmented>
	<object>
		<name>1 RiceBlast</name>
		<pose>Unspecified</pose>
		<truncated>0</truncated>
		<difficult>0</difficult>
		<occluded>0</occluded>
		<bndbox>
			<xmin>151</xmin>
			<xmax>263</xmax>
			<ymin>47</ymin>
			<ymax>84</ymax>
		</bndbox>
	</object>
</annotation>
