<annotation>
	<folder></folder>
	<filename>blast_orig_054_JPG.rf.4e98fc5f2d1830585794065aa68514ce.jpg</filename>
	<path>blast_orig_054_JPG.rf.4e98fc5f2d1830585794065aa68514ce.jpg</path>
	<source>
		<database>roboflow.ai</database>
	</source>
	<size>
		<width>300</width>
		<height>300</height>
		<depth>3</depth>
	</size>
	<segmented>0</segmented>
	<object>
		<name>1 RiceBlast</name>
		<pose>Unspecified</pose>
		<truncated>0</truncated>
		<difficult>0</difficult>
		<occluded>0</occluded>
		<bndbox>
			<xmin>68</xmin>
			<xmax>125</xmax>
			<ymin>120</ymin>
			<ymax>177</ymax>
		</bndbox>
	</object>
	<object>
		<name>1 RiceBlast</name>
		<pose>Unspecified</pose>
		<truncated>0</truncated>
		<difficult>0</difficult>
		<occluded>0</occluded>
		<bndbox>
			<xmin>92</xmin>
			<xmax>146</xmax>
			<ymin>164</ymin>
			<ymax>203</ymax>
		</bndbox>
	</object>
	<object>
		<name>1 RiceBlast</name>
		<pose>Unspecified</pose>
		<truncated>0</truncated>
		<difficult>0</difficult>
		<occluded>0</occluded>
		<bndbox>
			<xmin>195</xmin>
			<xmax>270</xmax>
			<ymin>39</ymin>
			<ymax>105</ymax>
		</bndbox>
	</object>
</annotation>
