<annotation>
	<folder></folder>
	<filename>blast_orig_056_JPG.rf.34155f48b1a85e81b63f3141f27c5cf4.jpg</filename>
	<path>blast_orig_056_JPG.rf.34155f48b1a85e81b63f3141f27c5cf4.jpg</path>
	<source>
		<database>roboflow.ai</database>
	</source>
	<size>
		<width>300</width>
		<height>300</height>
		<depth>3</depth>
	</size>
	<segmented>0</segmented>
	<object>
		<name>1 RiceBlast</name>
		<pose>Unspecified</pose>
		<truncated>0</truncated>
		<difficult>0</difficult>
		<occluded>0</occluded>
		<bndbox>
			<xmin>177</xmin>
			<xmax>227</xmax>
			<ymin>86</ymin>
			<ymax>150</ymax>
		</bndbox>
	</object>
	<object>
		<name>1 RiceBlast</name>
		<pose>Unspecified</pose>
		<truncated>0</truncated>
		<difficult>0</difficult>
		<occluded>0</occluded>
		<bndbox>
			<xmin>131</xmin>
			<xmax>194</xmax>
			<ymin>17</ymin>
			<ymax>84</ymax>
		</bndbox>
	</object>
</annotation>
