<annotation>
	<folder></folder>
	<filename>blast_orig_052_jpg.rf.d77626b2b5f4cbfb83fe26d7eb7095ee.jpg</filename>
	<path>blast_orig_052_jpg.rf.d77626b2b5f4cbfb83fe26d7eb7095ee.jpg</path>
	<source>
		<database>roboflow.ai</database>
	</source>
	<size>
		<width>300</width>
		<height>300</height>
		<depth>3</depth>
	</size>
	<segmented>0</segmented>
	<object>
		<name>1 RiceBlast</name>
		<pose>Unspecified</pose>
		<truncated>0</truncated>
		<difficult>0</difficult>
		<occluded>0</occluded>
		<bndbox>
			<xmin>94</xmin>
			<xmax>146</xmax>
			<ymin>82</ymin>
			<ymax>114</ymax>
		</bndbox>
	</object>
	<object>
		<name>1 RiceBlast</name>
		<pose>Unspecified</pose>
		<truncated>0</truncated>
		<difficult>0</difficult>
		<occluded>0</occluded>
		<bndbox>
			<xmin>125</xmin>
			<xmax>194</xmax>
			<ymin>129</ymin>
			<ymax>168</ymax>
		</bndbox>
	</object>
</annotation>
