<annotation>
	<folder></folder>
	<filename>blast_orig_053_JPG.rf.e6da85ac7f21248392142564fb358b9a.jpg</filename>
	<path>blast_orig_053_JPG.rf.e6da85ac7f21248392142564fb358b9a.jpg</path>
	<source>
		<database>roboflow.ai</database>
	</source>
	<size>
		<width>300</width>
		<height>300</height>
		<depth>3</depth>
	</size>
	<segmented>0</segmented>
	<object>
		<name>1 RiceBlast</name>
		<pose>Unspecified</pose>
		<truncated>0</truncated>
		<difficult>0</difficult>
		<occluded>0</occluded>
		<bndbox>
			<xmin>34</xmin>
			<xmax>144</xmax>
			<ymin>53</ymin>
			<ymax>133</ymax>
		</bndbox>
	</object>
	<object>
		<name>1 RiceBlast</name>
		<pose>Unspecified</pose>
		<truncated>0</truncated>
		<difficult>0</difficult>
		<occluded>0</occluded>
		<bndbox>
			<xmin>128</xmin>
			<xmax>193</xmax>
			<ymin>142</ymin>
			<ymax>209</ymax>
		</bndbox>
	</object>
</annotation>
