<annotation>
	<folder></folder>
	<filename>blast_orig_055_jpg.rf.c07be83d2565764b0077dc46cee7c396.jpg</filename>
	<path>blast_orig_055_jpg.rf.c07be83d2565764b0077dc46cee7c396.jpg</path>
	<source>
		<database>roboflow.ai</database>
	</source>
	<size>
		<width>300</width>
		<height>300</height>
		<depth>3</depth>
	</size>
	<segmented>0</segmented>
	<object>
		<name>1 RiceBlast</name>
		<pose>Unspecified</pose>
		<truncated>0</truncated>
		<difficult>0</difficult>
		<occluded>0</occluded>
		<bndbox>
			<xmin>13</xmin>
			<xmax>81</xmax>
			<ymin>162</ymin>
			<ymax>229</ymax>
		</bndbox>
	</object>
	<object>
		<name>1 RiceBlast</name>
		<pose>Unspecified</pose>
		<truncated>0</truncated>
		<difficult>0</difficult>
		<occluded>0</occluded>
		<bndbox>
			<xmin>33</xmin>
			<xmax>98</xmax>
			<ymin>213</ymin>
			<ymax>246</ymax>
		</bndbox>
	</object>
	<object>
		<name>1 RiceBlast</name>
		<pose>Unspecified</pose>
		<truncated>0</truncated>
		<difficult>0</difficult>
		<occluded>0</occluded>
		<bndbox>
			<xmin>191</xmin>
			<xmax>270</xmax>
			<ymin>43</ymin>
			<ymax>122</ymax>
		</bndbox>
	</object>
</annotation>
