<annotation>
	<folder></folder>
	<filename>blast_orig_061_JPG.rf.2a75e205b50a024abaeb0294955a5487.jpg</filename>
	<path>blast_orig_061_JPG.rf.2a75e205b50a024abaeb0294955a5487.jpg</path>
	<source>
		<database>roboflow.ai</database>
	</source>
	<size>
		<width>300</width>
		<height>300</height>
		<depth>3</depth>
	</size>
	<segmented>0</segmented>
	<object>
		<name>1 RiceBlast</name>
		<pose>Unspecified</pose>
		<truncated>0</truncated>
		<difficult>0</difficult>
		<occluded>0</occluded>
		<bndbox>
			<xmin>62</xmin>
			<xmax>110</xmax>
			<ymin>117</ymin>
			<ymax>172</ymax>
		</bndbox>
	</object>
	<object>
		<name>1 RiceBlast</name>
		<pose>Unspecified</pose>
		<truncated>0</truncated>
		<difficult>0</difficult>
		<occluded>0</occluded>
		<bndbox>
			<xmin>97</xmin>
			<xmax>181</xmax>
			<ymin>177</ymin>
			<ymax>251</ymax>
		</bndbox>
	</object>
</annotation>
