<annotation>
	<folder></folder>
	<filename>blast_orig_064_JPG.rf.f128656c193a682457636c4c4d10c787.jpg</filename>
	<path>blast_orig_064_JPG.rf.f128656c193a682457636c4c4d10c787.jpg</path>
	<source>
		<database>roboflow.ai</database>
	</source>
	<size>
		<width>300</width>
		<height>300</height>
		<depth>3</depth>
	</size>
	<segmented>0</segmented>
	<object>
		<name>1 RiceBlast</name>
		<pose>Unspecified</pose>
		<truncated>0</truncated>
		<difficult>0</difficult>
		<occluded>0</occluded>
		<bndbox>
			<xmin>58</xmin>
			<xmax>169</xmax>
			<ymin>144</ymin>
			<ymax>218</ymax>
		</bndbox>
	</object>
	<object>
		<name>1 RiceBlast</name>
		<pose>Unspecified</pose>
		<truncated>0</truncated>
		<difficult>0</difficult>
		<occluded>0</occluded>
		<bndbox>
			<xmin>168</xmin>
			<xmax>257</xmax>
			<ymin>176</ymin>
			<ymax>234</ymax>
		</bndbox>
	</object>
</annotation>
