<annotation>
	<folder></folder>
	<filename>blast_orig_067_JPG.rf.a3bd26a0ee9ac40ad9a601f56a786097.jpg</filename>
	<path>blast_orig_067_JPG.rf.a3bd26a0ee9ac40ad9a601f56a786097.jpg</path>
	<source>
		<database>roboflow.ai</database>
	</source>
	<size>
		<width>300</width>
		<height>300</height>
		<depth>3</depth>
	</size>
	<segmented>0</segmented>
	<object>
		<name>1 RiceBlast</name>
		<pose>Unspecified</pose>
		<truncated>0</truncated>
		<difficult>0</difficult>
		<occluded>0</occluded>
		<bndbox>
			<xmin>83</xmin>
			<xmax>146</xmax>
			<ymin>80</ymin>
			<ymax>127</ymax>
		</bndbox>
	</object>
	<object>
		<name>1 RiceBlast</name>
		<pose>Unspecified</pose>
		<truncated>0</truncated>
		<difficult>0</difficult>
		<occluded>0</occluded>
		<bndbox>
			<xmin>156</xmin>
			<xmax>199</xmax>
			<ymin>98</ymin>
			<ymax>147</ymax>
		</bndbox>
	</object>
	<object>
		<name>1 RiceBlast</name>
		<pose>Unspecified</pose>
		<truncated>0</truncated>
		<difficult>0</difficult>
		<occluded>0</occluded>
		<bndbox>
			<xmin>104</xmin>
			<xmax>146</xmax>
			<ymin>199</ymin>
			<ymax>242</ymax>
		</bndbox>
	</object>
</annotation>
