<annotation>
	<folder></folder>
	<filename>blast_orig_066_JPG.rf.2bb74937d15ce3495725c439df503143.jpg</filename>
	<path>blast_orig_066_JPG.rf.2bb74937d15ce3495725c439df503143.jpg</path>
	<source>
		<database>roboflow.ai</database>
	</source>
	<size>
		<width>300</width>
		<height>300</height>
		<depth>3</depth>
	</size>
	<segmented>0</segmented>
	<object>
		<name>1 RiceBlast</name>
		<pose>Unspecified</pose>
		<truncated>0</truncated>
		<difficult>0</difficult>
		<occluded>0</occluded>
		<bndbox>
			<xmin>56</xmin>
			<xmax>123</xmax>
			<ymin>133</ymin>
			<ymax>191</ymax>
		</bndbox>
	</object>
	<object>
		<name>1 RiceBlast</name>
		<pose>Unspecified</pose>
		<truncated>0</truncated>
		<difficult>0</difficult>
		<occluded>0</occluded>
		<bndbox>
			<xmin>194</xmin>
			<xmax>248</xmax>
			<ymin>59</ymin>
			<ymax>99</ymax>
		</bndbox>
	</object>
</annotation>
