<annotation>
	<folder></folder>
	<filename>blast_orig_069_JPG.rf.0fb6dafd9a64f214d7383a1d9e6ac9dc.jpg</filename>
	<path>blast_orig_069_JPG.rf.0fb6dafd9a64f214d7383a1d9e6ac9dc.jpg</path>
	<source>
		<database>roboflow.ai</database>
	</source>
	<size>
		<width>300</width>
		<height>300</height>
		<depth>3</depth>
	</size>
	<segmented>0</segmented>
	<object>
		<name>1 RiceBlast</name>
		<pose>Unspecified</pose>
		<truncated>0</truncated>
		<difficult>0</difficult>
		<occluded>0</occluded>
		<bndbox>
			<xmin>17</xmin>
			<xmax>90</xmax>
			<ymin>37</ymin>
			<ymax>110</ymax>
		</bndbox>
	</object>
	<object>
		<name>1 RiceBlast</name>
		<pose>Unspecified</pose>
		<truncated>0</truncated>
		<difficult>0</difficult>
		<occluded>0</occluded>
		<bndbox>
			<xmin>120</xmin>
			<xmax>249</xmax>
			<ymin>150</ymin>
			<ymax>287</ymax>
		</bndbox>
	</object>
</annotation>
