<annotation>
	<folder></folder>
	<filename>blast_orig_071_JPG.rf.8f033da4dd42581e408f55f365294092.jpg</filename>
	<path>blast_orig_071_JPG.rf.8f033da4dd42581e408f55f365294092.jpg</path>
	<source>
		<database>roboflow.ai</database>
	</source>
	<size>
		<width>300</width>
		<height>300</height>
		<depth>3</depth>
	</size>
	<segmented>0</segmented>
	<object>
		<name>1 RiceBlast</name>
		<pose>Unspecified</pose>
		<truncated>0</truncated>
		<difficult>0</difficult>
		<occluded>0</occluded>
		<bndbox>
			<xmin>47</xmin>
			<xmax>93</xmax>
			<ymin>89</ymin>
			<ymax>114</ymax>
		</bndbox>
	</object>
	<object>
		<name>1 RiceBlast</name>
		<pose>Unspecified</pose>
		<truncated>0</truncated>
		<difficult>0</difficult>
		<occluded>0</occluded>
		<bndbox>
			<xmin>217</xmin>
			<xmax>280</xmax>
			<ymin>210</ymin>
			<ymax>279</ymax>
		</bndbox>
	</object>
	<object>
		<name>1 RiceBlast</name>
		<pose>Unspecified</pose>
		<truncated>0</truncated>
		<difficult>0</difficult>
		<occluded>0</occluded>
		<bndbox>
			<xmin>103</xmin>
			<xmax>202</xmax>
			<ymin>49</ymin>
			<ymax>129</ymax>
		</bndbox>
	</object>
</annotation>
