<annotation>
	<folder></folder>
	<filename>blast_orig_076_jpg.rf.03a814f075be66b57a463ef710aa23ae.jpg</filename>
	<path>blast_orig_076_jpg.rf.03a814f075be66b57a463ef710aa23ae.jpg</path>
	<source>
		<database>roboflow.ai</database>
	</source>
	<size>
		<width>300</width>
		<height>300</height>
		<depth>3</depth>
	</size>
	<segmented>0</segmented>
	<object>
		<name>1 RiceBlast</name>
		<pose>Unspecified</pose>
		<truncated>0</truncated>
		<difficult>0</difficult>
		<occluded>0</occluded>
		<bndbox>
			<xmin>105</xmin>
			<xmax>189</xmax>
			<ymin>99</ymin>
			<ymax>246</ymax>
		</bndbox>
	</object>
</annotation>
