<annotation>
	<folder></folder>
	<filename>blast_rotated_001_jpg.rf.018b7b31dcfacbc5c72ca74190ef20fd.jpg</filename>
	<path>blast_rotated_001_jpg.rf.018b7b31dcfacbc5c72ca74190ef20fd.jpg</path>
	<source>
		<database>roboflow.ai</database>
	</source>
	<size>
		<width>300</width>
		<height>300</height>
		<depth>3</depth>
	</size>
	<segmented>0</segmented>
	<object>
		<name>1 RiceBlast</name>
		<pose>Unspecified</pose>
		<truncated>0</truncated>
		<difficult>0</difficult>
		<occluded>0</occluded>
		<bndbox>
			<xmin>10</xmin>
			<xmax>99</xmax>
			<ymin>106</ymin>
			<ymax>200</ymax>
		</bndbox>
	</object>
</annotation>
