<annotation>
	<folder></folder>
	<filename>blast_orig_080_jpg.rf.f640661320d7cada5103d42be42e9f49.jpg</filename>
	<path>blast_orig_080_jpg.rf.f640661320d7cada5103d42be42e9f49.jpg</path>
	<source>
		<database>roboflow.ai</database>
	</source>
	<size>
		<width>300</width>
		<height>300</height>
		<depth>3</depth>
	</size>
	<segmented>0</segmented>
	<object>
		<name>1 RiceBlast</name>
		<pose>Unspecified</pose>
		<truncated>0</truncated>
		<difficult>0</difficult>
		<occluded>0</occluded>
		<bndbox>
			<xmin>134</xmin>
			<xmax>160</xmax>
			<ymin>142</ymin>
			<ymax>168</ymax>
		</bndbox>
	</object>
	<object>
		<name>1 RiceBlast</name>
		<pose>Unspecified</pose>
		<truncated>0</truncated>
		<difficult>0</difficult>
		<occluded>0</occluded>
		<bndbox>
			<xmin>148</xmin>
			<xmax>174</xmax>
			<ymin>120</ymin>
			<ymax>146</ymax>
		</bndbox>
	</object>
</annotation>
