<annotation>
	<folder></folder>
	<filename>blast_rotated_005_jpg.rf.888f7293841490599287775e0ed9eceb.jpg</filename>
	<path>blast_rotated_005_jpg.rf.888f7293841490599287775e0ed9eceb.jpg</path>
	<source>
		<database>roboflow.ai</database>
	</source>
	<size>
		<width>300</width>
		<height>300</height>
		<depth>3</depth>
	</size>
	<segmented>0</segmented>
	<object>
		<name>1 RiceBlast</name>
		<pose>Unspecified</pose>
		<truncated>0</truncated>
		<difficult>0</difficult>
		<occluded>0</occluded>
		<bndbox>
			<xmin>20</xmin>
			<xmax>96</xmax>
			<ymin>120</ymin>
			<ymax>205</ymax>
		</bndbox>
	</object>
</annotation>
