<annotation>
	<folder></folder>
	<filename>blast_rotated_005_jpg.rf.39e23a862b55e7e623020f8ed06df722.jpg</filename>
	<path>blast_rotated_005_jpg.rf.39e23a862b55e7e623020f8ed06df722.jpg</path>
	<source>
		<database>roboflow.ai</database>
	</source>
	<size>
		<width>300</width>
		<height>300</height>
		<depth>3</depth>
	</size>
	<segmented>0</segmented>
	<object>
		<name>1 RiceBlast</name>
		<pose>Unspecified</pose>
		<truncated>0</truncated>
		<difficult>0</difficult>
		<occluded>0</occluded>
		<bndbox>
			<xmin>20</xmin>
			<xmax>96</xmax>
			<ymin>120</ymin>
			<ymax>205</ymax>
		</bndbox>
	</object>
</annotation>
