<annotation>
	<folder></folder>
	<filename>blast_rotated_003_jpg.rf.a3f4c9df373af10cd5c9bf45ec1e61e3.jpg</filename>
	<path>blast_rotated_003_jpg.rf.a3f4c9df373af10cd5c9bf45ec1e61e3.jpg</path>
	<source>
		<database>roboflow.ai</database>
	</source>
	<size>
		<width>300</width>
		<height>300</height>
		<depth>3</depth>
	</size>
	<segmented>0</segmented>
	<object>
		<name>1 RiceBlast</name>
		<pose>Unspecified</pose>
		<truncated>0</truncated>
		<difficult>0</difficult>
		<occluded>0</occluded>
		<bndbox>
			<xmin>206</xmin>
			<xmax>284</xmax>
			<ymin>198</ymin>
			<ymax>291</ymax>
		</bndbox>
	</object>
</annotation>
