<annotation>
	<folder></folder>
	<filename>blast_rotated_011_jpg.rf.86499d07c48c420fb3fa61abacf14a76.jpg</filename>
	<path>blast_rotated_011_jpg.rf.86499d07c48c420fb3fa61abacf14a76.jpg</path>
	<source>
		<database>roboflow.ai</database>
	</source>
	<size>
		<width>300</width>
		<height>300</height>
		<depth>3</depth>
	</size>
	<segmented>0</segmented>
	<object>
		<name>1 RiceBlast</name>
		<pose>Unspecified</pose>
		<truncated>0</truncated>
		<difficult>0</difficult>
		<occluded>0</occluded>
		<bndbox>
			<xmin>19</xmin>
			<xmax>85</xmax>
			<ymin>74</ymin>
			<ymax>137</ymax>
		</bndbox>
	</object>
</annotation>
