<annotation>
	<folder></folder>
	<filename>blast_rotated_009_jpg.rf.a6bb48f77247b6365dd09d2cd8a29495.jpg</filename>
	<path>blast_rotated_009_jpg.rf.a6bb48f77247b6365dd09d2cd8a29495.jpg</path>
	<source>
		<database>roboflow.ai</database>
	</source>
	<size>
		<width>300</width>
		<height>300</height>
		<depth>3</depth>
	</size>
	<segmented>0</segmented>
	<object>
		<name>1 RiceBlast</name>
		<pose>Unspecified</pose>
		<truncated>0</truncated>
		<difficult>0</difficult>
		<occluded>0</occluded>
		<bndbox>
			<xmin>185</xmin>
			<xmax>260</xmax>
			<ymin>13</ymin>
			<ymax>111</ymax>
		</bndbox>
	</object>
</annotation>
