<annotation>
	<folder></folder>
	<filename>blast_rotated_015_jpg.rf.58bf0a070ce3315deee83c2c854acd19.jpg</filename>
	<path>blast_rotated_015_jpg.rf.58bf0a070ce3315deee83c2c854acd19.jpg</path>
	<source>
		<database>roboflow.ai</database>
	</source>
	<size>
		<width>300</width>
		<height>300</height>
		<depth>3</depth>
	</size>
	<segmented>0</segmented>
	<object>
		<name>1 RiceBlast</name>
		<pose>Unspecified</pose>
		<truncated>0</truncated>
		<difficult>0</difficult>
		<occluded>0</occluded>
		<bndbox>
			<xmin>191</xmin>
			<xmax>261</xmax>
			<ymin>107</ymin>
			<ymax>173</ymax>
		</bndbox>
	</object>
</annotation>
