<annotation>
	<folder></folder>
	<filename>blast_rotated_013_jpg.rf.64f5b8ec738291af9c79fa87aad579b9.jpg</filename>
	<path>blast_rotated_013_jpg.rf.64f5b8ec738291af9c79fa87aad579b9.jpg</path>
	<source>
		<database>roboflow.ai</database>
	</source>
	<size>
		<width>300</width>
		<height>300</height>
		<depth>3</depth>
	</size>
	<segmented>0</segmented>
	<object>
		<name>1 RiceBlast</name>
		<pose>Unspecified</pose>
		<truncated>0</truncated>
		<difficult>0</difficult>
		<occluded>0</occluded>
		<bndbox>
			<xmin>121</xmin>
			<xmax>193</xmax>
			<ymin>105</ymin>
			<ymax>154</ymax>
		</bndbox>
	</object>
</annotation>
