<annotation>
	<folder></folder>
	<filename>blast_rotated_017_jpg.rf.e5e277bdd91244affd40cdba6898e933.jpg</filename>
	<path>blast_rotated_017_jpg.rf.e5e277bdd91244affd40cdba6898e933.jpg</path>
	<source>
		<database>roboflow.ai</database>
	</source>
	<size>
		<width>300</width>
		<height>300</height>
		<depth>3</depth>
	</size>
	<segmented>0</segmented>
	<object>
		<name>1 RiceBlast</name>
		<pose>Unspecified</pose>
		<truncated>0</truncated>
		<difficult>0</difficult>
		<occluded>0</occluded>
		<bndbox>
			<xmin>149</xmin>
			<xmax>228</xmax>
			<ymin>94</ymin>
			<ymax>211</ymax>
		</bndbox>
	</object>
</annotation>
