<annotation>
	<folder></folder>
	<filename>blast_rotated_019_jpg.rf.0d6d002bf3a2efd1d8bd3571e4c23c65.jpg</filename>
	<path>blast_rotated_019_jpg.rf.0d6d002bf3a2efd1d8bd3571e4c23c65.jpg</path>
	<source>
		<database>roboflow.ai</database>
	</source>
	<size>
		<width>300</width>
		<height>300</height>
		<depth>3</depth>
	</size>
	<segmented>0</segmented>
	<object>
		<name>1 RiceBlast</name>
		<pose>Unspecified</pose>
		<truncated>0</truncated>
		<difficult>0</difficult>
		<occluded>0</occluded>
		<bndbox>
			<xmin>1</xmin>
			<xmax>65</xmax>
			<ymin>125</ymin>
			<ymax>248</ymax>
		</bndbox>
	</object>
</annotation>
