<annotation>
	<folder></folder>
	<filename>blast_rotated_016_png.rf.3186f90b5be6814e76a3084038189058.jpg</filename>
	<path>blast_rotated_016_png.rf.3186f90b5be6814e76a3084038189058.jpg</path>
	<source>
		<database>roboflow.ai</database>
	</source>
	<size>
		<width>300</width>
		<height>300</height>
		<depth>3</depth>
	</size>
	<segmented>0</segmented>
	<object>
		<name>1 RiceBlast</name>
		<pose>Unspecified</pose>
		<truncated>0</truncated>
		<difficult>0</difficult>
		<occluded>0</occluded>
		<bndbox>
			<xmin>32</xmin>
			<xmax>76</xmax>
			<ymin>81</ymin>
			<ymax>119</ymax>
		</bndbox>
	</object>
	<object>
		<name>1 RiceBlast</name>
		<pose>Unspecified</pose>
		<truncated>0</truncated>
		<difficult>0</difficult>
		<occluded>0</occluded>
		<bndbox>
			<xmin>134</xmin>
			<xmax>216</xmax>
			<ymin>58</ymin>
			<ymax>185</ymax>
		</bndbox>
	</object>
	<object>
		<name>1 RiceBlast</name>
		<pose>Unspecified</pose>
		<truncated>0</truncated>
		<difficult>0</difficult>
		<occluded>0</occluded>
		<bndbox>
			<xmin>170</xmin>
			<xmax>249</xmax>
			<ymin>174</ymin>
			<ymax>258</ymax>
		</bndbox>
	</object>
</annotation>
