<annotation>
	<folder></folder>
	<filename>blast_rotated_025_jpg.rf.23379d7edbc48b24fce7f957bb8bdc4e.jpg</filename>
	<path>blast_rotated_025_jpg.rf.23379d7edbc48b24fce7f957bb8bdc4e.jpg</path>
	<source>
		<database>roboflow.ai</database>
	</source>
	<size>
		<width>300</width>
		<height>300</height>
		<depth>3</depth>
	</size>
	<segmented>0</segmented>
	<object>
		<name>1 RiceBlast</name>
		<pose>Unspecified</pose>
		<truncated>0</truncated>
		<difficult>0</difficult>
		<occluded>0</occluded>
		<bndbox>
			<xmin>10</xmin>
			<xmax>62</xmax>
			<ymin>56</ymin>
			<ymax>106</ymax>
		</bndbox>
	</object>
</annotation>
