<annotation>
	<folder></folder>
	<filename>blast_rotated_026_png.rf.1b9fccc1bebb29a4110f802b00bfd465.jpg</filename>
	<path>blast_rotated_026_png.rf.1b9fccc1bebb29a4110f802b00bfd465.jpg</path>
	<source>
		<database>roboflow.ai</database>
	</source>
	<size>
		<width>300</width>
		<height>300</height>
		<depth>3</depth>
	</size>
	<segmented>0</segmented>
	<object>
		<name>1 RiceBlast</name>
		<pose>Unspecified</pose>
		<truncated>0</truncated>
		<difficult>0</difficult>
		<occluded>0</occluded>
		<bndbox>
			<xmin>77</xmin>
			<xmax>142</xmax>
			<ymin>81</ymin>
			<ymax>164</ymax>
		</bndbox>
	</object>
	<object>
		<name>1 RiceBlast</name>
		<pose>Unspecified</pose>
		<truncated>0</truncated>
		<difficult>0</difficult>
		<occluded>0</occluded>
		<bndbox>
			<xmin>120</xmin>
			<xmax>184</xmax>
			<ymin>219</ymin>
			<ymax>264</ymax>
		</bndbox>
	</object>
</annotation>
