<annotation>
	<folder></folder>
	<filename>blast_rotated_023_jpg.rf.d1a0180b62b3021034a24a2d2ec1dc5c.jpg</filename>
	<path>blast_rotated_023_jpg.rf.d1a0180b62b3021034a24a2d2ec1dc5c.jpg</path>
	<source>
		<database>roboflow.ai</database>
	</source>
	<size>
		<width>300</width>
		<height>300</height>
		<depth>3</depth>
	</size>
	<segmented>0</segmented>
	<object>
		<name>1 RiceBlast</name>
		<pose>Unspecified</pose>
		<truncated>0</truncated>
		<difficult>0</difficult>
		<occluded>0</occluded>
		<bndbox>
			<xmin>94</xmin>
			<xmax>129</xmax>
			<ymin>223</ymin>
			<ymax>268</ymax>
		</bndbox>
	</object>
	<object>
		<name>1 RiceBlast</name>
		<pose>Unspecified</pose>
		<truncated>0</truncated>
		<difficult>0</difficult>
		<occluded>0</occluded>
		<bndbox>
			<xmin>156</xmin>
			<xmax>266</xmax>
			<ymin>13</ymin>
			<ymax>168</ymax>
		</bndbox>
	</object>
</annotation>
