<annotation>
	<folder></folder>
	<filename>blast_rotated_027_jpg.rf.a5ec7637b5e5a7d458d116dba0f1a9ca.jpg</filename>
	<path>blast_rotated_027_jpg.rf.a5ec7637b5e5a7d458d116dba0f1a9ca.jpg</path>
	<source>
		<database>roboflow.ai</database>
	</source>
	<size>
		<width>300</width>
		<height>300</height>
		<depth>3</depth>
	</size>
	<segmented>0</segmented>
	<object>
		<name>1 RiceBlast</name>
		<pose>Unspecified</pose>
		<truncated>0</truncated>
		<difficult>0</difficult>
		<occluded>0</occluded>
		<bndbox>
			<xmin>136</xmin>
			<xmax>174</xmax>
			<ymin>56</ymin>
			<ymax>134</ymax>
		</bndbox>
	</object>
	<object>
		<name>1 RiceBlast</name>
		<pose>Unspecified</pose>
		<truncated>0</truncated>
		<difficult>0</difficult>
		<occluded>0</occluded>
		<bndbox>
			<xmin>135</xmin>
			<xmax>167</xmax>
			<ymin>176</ymin>
			<ymax>234</ymax>
		</bndbox>
	</object>
</annotation>
