<annotation>
	<folder></folder>
	<filename>blast_rotated_030_png.rf.0c43def2dd0127ce366331dac1a9b1dc.jpg</filename>
	<path>blast_rotated_030_png.rf.0c43def2dd0127ce366331dac1a9b1dc.jpg</path>
	<source>
		<database>roboflow.ai</database>
	</source>
	<size>
		<width>300</width>
		<height>300</height>
		<depth>3</depth>
	</size>
	<segmented>0</segmented>
	<object>
		<name>1 RiceBlast</name>
		<pose>Unspecified</pose>
		<truncated>0</truncated>
		<difficult>0</difficult>
		<occluded>0</occluded>
		<bndbox>
			<xmin>106</xmin>
			<xmax>196</xmax>
			<ymin>56</ymin>
			<ymax>188</ymax>
		</bndbox>
	</object>
</annotation>
