<annotation>
	<folder></folder>
	<filename>blast_rotated_028_png.rf.1b7e0d03e2ca5a9334428fab0c335440.jpg</filename>
	<path>blast_rotated_028_png.rf.1b7e0d03e2ca5a9334428fab0c335440.jpg</path>
	<source>
		<database>roboflow.ai</database>
	</source>
	<size>
		<width>300</width>
		<height>300</height>
		<depth>3</depth>
	</size>
	<segmented>0</segmented>
	<object>
		<name>1 RiceBlast</name>
		<pose>Unspecified</pose>
		<truncated>0</truncated>
		<difficult>0</difficult>
		<occluded>0</occluded>
		<bndbox>
			<xmin>50</xmin>
			<xmax>86</xmax>
			<ymin>14</ymin>
			<ymax>38</ymax>
		</bndbox>
	</object>
	<object>
		<name>1 RiceBlast</name>
		<pose>Unspecified</pose>
		<truncated>0</truncated>
		<difficult>0</difficult>
		<occluded>0</occluded>
		<bndbox>
			<xmin>100</xmin>
			<xmax>165</xmax>
			<ymin>52</ymin>
			<ymax>122</ymax>
		</bndbox>
	</object>
	<object>
		<name>1 RiceBlast</name>
		<pose>Unspecified</pose>
		<truncated>0</truncated>
		<difficult>0</difficult>
		<occluded>0</occluded>
		<bndbox>
			<xmin>114</xmin>
			<xmax>155</xmax>
			<ymin>121</ymin>
			<ymax>170</ymax>
		</bndbox>
	</object>
</annotation>
