<annotation>
	<folder></folder>
	<filename>blast_rotated_033_JPG.rf.15b4d0cf1d9d40b9b06cd9673998d78e.jpg</filename>
	<path>blast_rotated_033_JPG.rf.15b4d0cf1d9d40b9b06cd9673998d78e.jpg</path>
	<source>
		<database>roboflow.ai</database>
	</source>
	<size>
		<width>300</width>
		<height>300</height>
		<depth>3</depth>
	</size>
	<segmented>0</segmented>
	<object>
		<name>1 RiceBlast</name>
		<pose>Unspecified</pose>
		<truncated>0</truncated>
		<difficult>0</difficult>
		<occluded>0</occluded>
		<bndbox>
			<xmin>63</xmin>
			<xmax>148</xmax>
			<ymin>79</ymin>
			<ymax>177</ymax>
		</bndbox>
	</object>
	<object>
		<name>1 RiceBlast</name>
		<pose>Unspecified</pose>
		<truncated>0</truncated>
		<difficult>0</difficult>
		<occluded>0</occluded>
		<bndbox>
			<xmin>11</xmin>
			<xmax>69</xmax>
			<ymin>176</ymin>
			<ymax>246</ymax>
		</bndbox>
	</object>
	<object>
		<name>1 RiceBlast</name>
		<pose>Unspecified</pose>
		<truncated>0</truncated>
		<difficult>0</difficult>
		<occluded>0</occluded>
		<bndbox>
			<xmin>64</xmin>
			<xmax>114</xmax>
			<ymin>229</ymin>
			<ymax>292</ymax>
		</bndbox>
	</object>
	<object>
		<name>1 RiceBlast</name>
		<pose>Unspecified</pose>
		<truncated>0</truncated>
		<difficult>0</difficult>
		<occluded>0</occluded>
		<bndbox>
			<xmin>126</xmin>
			<xmax>229</xmax>
			<ymin>79</ymin>
			<ymax>162</ymax>
		</bndbox>
	</object>
</annotation>
