<annotation>
	<folder></folder>
	<filename>blast_rotated_032_png.rf.57a1ed85e024ba85019590bee29fb280.jpg</filename>
	<path>blast_rotated_032_png.rf.57a1ed85e024ba85019590bee29fb280.jpg</path>
	<source>
		<database>roboflow.ai</database>
	</source>
	<size>
		<width>300</width>
		<height>300</height>
		<depth>3</depth>
	</size>
	<segmented>0</segmented>
	<object>
		<name>1 RiceBlast</name>
		<pose>Unspecified</pose>
		<truncated>0</truncated>
		<difficult>0</difficult>
		<occluded>0</occluded>
		<bndbox>
			<xmin>146</xmin>
			<xmax>220</xmax>
			<ymin>75</ymin>
			<ymax>126</ymax>
		</bndbox>
	</object>
	<object>
		<name>1 RiceBlast</name>
		<pose>Unspecified</pose>
		<truncated>0</truncated>
		<difficult>0</difficult>
		<occluded>0</occluded>
		<bndbox>
			<xmin>157</xmin>
			<xmax>261</xmax>
			<ymin>170</ymin>
			<ymax>262</ymax>
		</bndbox>
	</object>
	<object>
		<name>1 RiceBlast</name>
		<pose>Unspecified</pose>
		<truncated>0</truncated>
		<difficult>0</difficult>
		<occluded>0</occluded>
		<bndbox>
			<xmin>114</xmin>
			<xmax>203</xmax>
			<ymin>6</ymin>
			<ymax>79</ymax>
		</bndbox>
	</object>
</annotation>
