<annotation>
	<folder></folder>
	<filename>blast_rotated_045_jpg.rf.8d993e3431225010e906ba3ff704af2b.jpg</filename>
	<path>blast_rotated_045_jpg.rf.8d993e3431225010e906ba3ff704af2b.jpg</path>
	<source>
		<database>roboflow.ai</database>
	</source>
	<size>
		<width>300</width>
		<height>300</height>
		<depth>3</depth>
	</size>
	<segmented>0</segmented>
	<object>
		<name>1 RiceBlast</name>
		<pose>Unspecified</pose>
		<truncated>0</truncated>
		<difficult>0</difficult>
		<occluded>0</occluded>
		<bndbox>
			<xmin>58</xmin>
			<xmax>95</xmax>
			<ymin>211</ymin>
			<ymax>239</ymax>
		</bndbox>
	</object>
	<object>
		<name>1 RiceBlast</name>
		<pose>Unspecified</pose>
		<truncated>0</truncated>
		<difficult>0</difficult>
		<occluded>0</occluded>
		<bndbox>
			<xmin>40</xmin>
			<xmax>69</xmax>
			<ymin>242</ymin>
			<ymax>261</ymax>
		</bndbox>
	</object>
</annotation>
