<annotation>
	<folder></folder>
	<filename>blast_rotated_043_JPG.rf.a09b4ca21fd19cee32745675705a9260.jpg</filename>
	<path>blast_rotated_043_JPG.rf.a09b4ca21fd19cee32745675705a9260.jpg</path>
	<source>
		<database>roboflow.ai</database>
	</source>
	<size>
		<width>300</width>
		<height>300</height>
		<depth>3</depth>
	</size>
	<segmented>0</segmented>
	<object>
		<name>1 RiceBlast</name>
		<pose>Unspecified</pose>
		<truncated>0</truncated>
		<difficult>0</difficult>
		<occluded>0</occluded>
		<bndbox>
			<xmin>24</xmin>
			<xmax>99</xmax>
			<ymin>185</ymin>
			<ymax>260</ymax>
		</bndbox>
	</object>
</annotation>
