<annotation>
	<folder></folder>
	<filename>blast_rotated_044_png.rf.7e95d20c1c6cd94765302e42e65f73c4.jpg</filename>
	<path>blast_rotated_044_png.rf.7e95d20c1c6cd94765302e42e65f73c4.jpg</path>
	<source>
		<database>roboflow.ai</database>
	</source>
	<size>
		<width>300</width>
		<height>300</height>
		<depth>3</depth>
	</size>
	<segmented>0</segmented>
	<object>
		<name>1 RiceBlast</name>
		<pose>Unspecified</pose>
		<truncated>0</truncated>
		<difficult>0</difficult>
		<occluded>0</occluded>
		<bndbox>
			<xmin>117</xmin>
			<xmax>261</xmax>
			<ymin>144</ymin>
			<ymax>244</ymax>
		</bndbox>
	</object>
	<object>
		<name>1 RiceBlast</name>
		<pose>Unspecified</pose>
		<truncated>0</truncated>
		<difficult>0</difficult>
		<occluded>0</occluded>
		<bndbox>
			<xmin>75</xmin>
			<xmax>207</xmax>
			<ymin>59</ymin>
			<ymax>157</ymax>
		</bndbox>
	</object>
</annotation>
