<annotation>
	<folder></folder>
	<filename>blast_rotated_046_png.rf.ab13ef3674d32b85b21015b6d963586d.jpg</filename>
	<path>blast_rotated_046_png.rf.ab13ef3674d32b85b21015b6d963586d.jpg</path>
	<source>
		<database>roboflow.ai</database>
	</source>
	<size>
		<width>300</width>
		<height>300</height>
		<depth>3</depth>
	</size>
	<segmented>0</segmented>
	<object>
		<name>1 RiceBlast</name>
		<pose>Unspecified</pose>
		<truncated>0</truncated>
		<difficult>0</difficult>
		<occluded>0</occluded>
		<bndbox>
			<xmin>99</xmin>
			<xmax>191</xmax>
			<ymin>56</ymin>
			<ymax>152</ymax>
		</bndbox>
	</object>
	<object>
		<name>1 RiceBlast</name>
		<pose>Unspecified</pose>
		<truncated>0</truncated>
		<difficult>0</difficult>
		<occluded>0</occluded>
		<bndbox>
			<xmin>109</xmin>
			<xmax>181</xmax>
			<ymin>177</ymin>
			<ymax>242</ymax>
		</bndbox>
	</object>
	<object>
		<name>1 RiceBlast</name>
		<pose>Unspecified</pose>
		<truncated>0</truncated>
		<difficult>0</difficult>
		<occluded>0</occluded>
		<bndbox>
			<xmin>60</xmin>
			<xmax>115</xmax>
			<ymin>14</ymin>
			<ymax>56</ymax>
		</bndbox>
	</object>
</annotation>
