<annotation>
	<folder></folder>
	<filename>blast_rotated_054_jpg.rf.25abbf02b5e8a6d3d38f793ab8e4c002.jpg</filename>
	<path>blast_rotated_054_jpg.rf.25abbf02b5e8a6d3d38f793ab8e4c002.jpg</path>
	<source>
		<database>roboflow.ai</database>
	</source>
	<size>
		<width>300</width>
		<height>300</height>
		<depth>3</depth>
	</size>
	<segmented>0</segmented>
	<object>
		<name>1 RiceBlast</name>
		<pose>Unspecified</pose>
		<truncated>0</truncated>
		<difficult>0</difficult>
		<occluded>0</occluded>
		<bndbox>
			<xmin>31</xmin>
			<xmax>115</xmax>
			<ymin>170</ymin>
			<ymax>244</ymax>
		</bndbox>
	</object>
	<object>
		<name>1 RiceBlast</name>
		<pose>Unspecified</pose>
		<truncated>0</truncated>
		<difficult>0</difficult>
		<occluded>0</occluded>
		<bndbox>
			<xmin>206</xmin>
			<xmax>258</xmax>
			<ymin>43</ymin>
			<ymax>87</ymax>
		</bndbox>
	</object>
	<object>
		<name>1 RiceBlast</name>
		<pose>Unspecified</pose>
		<truncated>0</truncated>
		<difficult>0</difficult>
		<occluded>0</occluded>
		<bndbox>
			<xmin>220</xmin>
			<xmax>281</xmax>
			<ymin>68</ymin>
			<ymax>129</ymax>
		</bndbox>
	</object>
</annotation>
