<annotation>
	<folder></folder>
	<filename>blast_rotated_053_JPG.rf.72afd19120ae7fb142f207c22f060e6f.jpg</filename>
	<path>blast_rotated_053_JPG.rf.72afd19120ae7fb142f207c22f060e6f.jpg</path>
	<source>
		<database>roboflow.ai</database>
	</source>
	<size>
		<width>300</width>
		<height>300</height>
		<depth>3</depth>
	</size>
	<segmented>0</segmented>
	<object>
		<name>1 RiceBlast</name>
		<pose>Unspecified</pose>
		<truncated>0</truncated>
		<difficult>0</difficult>
		<occluded>0</occluded>
		<bndbox>
			<xmin>18</xmin>
			<xmax>104</xmax>
			<ymin>196</ymin>
			<ymax>251</ymax>
		</bndbox>
	</object>
	<object>
		<name>1 RiceBlast</name>
		<pose>Unspecified</pose>
		<truncated>0</truncated>
		<difficult>0</difficult>
		<occluded>0</occluded>
		<bndbox>
			<xmin>150</xmin>
			<xmax>201</xmax>
			<ymin>94</ymin>
			<ymax>131</ymax>
		</bndbox>
	</object>
	<object>
		<name>1 RiceBlast</name>
		<pose>Unspecified</pose>
		<truncated>0</truncated>
		<difficult>0</difficult>
		<occluded>0</occluded>
		<bndbox>
			<xmin>176</xmin>
			<xmax>221</xmax>
			<ymin>124</ymin>
			<ymax>166</ymax>
		</bndbox>
	</object>
</annotation>
