<annotation>
	<folder></folder>
	<filename>blast_rotated_055_JPG.rf.22bd678d37fe9e9a136ce4f3ffaaa273.jpg</filename>
	<path>blast_rotated_055_JPG.rf.22bd678d37fe9e9a136ce4f3ffaaa273.jpg</path>
	<source>
		<database>roboflow.ai</database>
	</source>
	<size>
		<width>300</width>
		<height>300</height>
		<depth>3</depth>
	</size>
	<segmented>0</segmented>
	<object>
		<name>1 RiceBlast</name>
		<pose>Unspecified</pose>
		<truncated>0</truncated>
		<difficult>0</difficult>
		<occluded>0</occluded>
		<bndbox>
			<xmin>109</xmin>
			<xmax>168</xmax>
			<ymin>209</ymin>
			<ymax>282</ymax>
		</bndbox>
	</object>
	<object>
		<name>1 RiceBlast</name>
		<pose>Unspecified</pose>
		<truncated>0</truncated>
		<difficult>0</difficult>
		<occluded>0</occluded>
		<bndbox>
			<xmin>82</xmin>
			<xmax>123</xmax>
			<ymin>154</ymin>
			<ymax>205</ymax>
		</bndbox>
	</object>
</annotation>
