<annotation>
	<folder></folder>
	<filename>blast_rotated_052_JPG.rf.8d688b8e4accc1a27d74e15cb4a5d3b7.jpg</filename>
	<path>blast_rotated_052_JPG.rf.8d688b8e4accc1a27d74e15cb4a5d3b7.jpg</path>
	<source>
		<database>roboflow.ai</database>
	</source>
	<size>
		<width>300</width>
		<height>300</height>
		<depth>3</depth>
	</size>
	<segmented>0</segmented>
	<object>
		<name>1 RiceBlast</name>
		<pose>Unspecified</pose>
		<truncated>0</truncated>
		<difficult>0</difficult>
		<occluded>0</occluded>
		<bndbox>
			<xmin>89</xmin>
			<xmax>166</xmax>
			<ymin>87</ymin>
			<ymax>155</ymax>
		</bndbox>
	</object>
	<object>
		<name>1 RiceBlast</name>
		<pose>Unspecified</pose>
		<truncated>0</truncated>
		<difficult>0</difficult>
		<occluded>0</occluded>
		<bndbox>
			<xmin>141</xmin>
			<xmax>275</xmax>
			<ymin>167</ymin>
			<ymax>260</ymax>
		</bndbox>
	</object>
</annotation>
