<annotation>
	<folder></folder>
	<filename>blast_rotated_060_JPG.rf.8e75191839d16d41de49eb6e88a1da4f.jpg</filename>
	<path>blast_rotated_060_JPG.rf.8e75191839d16d41de49eb6e88a1da4f.jpg</path>
	<source>
		<database>roboflow.ai</database>
	</source>
	<size>
		<width>300</width>
		<height>300</height>
		<depth>3</depth>
	</size>
	<segmented>0</segmented>
	<object>
		<name>1 RiceBlast</name>
		<pose>Unspecified</pose>
		<truncated>0</truncated>
		<difficult>0</difficult>
		<occluded>0</occluded>
		<bndbox>
			<xmin>121</xmin>
			<xmax>194</xmax>
			<ymin>41</ymin>
			<ymax>117</ymax>
		</bndbox>
	</object>
	<object>
		<name>1 RiceBlast</name>
		<pose>Unspecified</pose>
		<truncated>0</truncated>
		<difficult>0</difficult>
		<occluded>0</occluded>
		<bndbox>
			<xmin>186</xmin>
			<xmax>238</xmax>
			<ymin>125</ymin>
			<ymax>170</ymax>
		</bndbox>
	</object>
</annotation>
