<annotation>
	<folder></folder>
	<filename>blast_rotated_056_JPG.rf.db5b3c914f5534eac7d39036fae9988c.jpg</filename>
	<path>blast_rotated_056_JPG.rf.db5b3c914f5534eac7d39036fae9988c.jpg</path>
	<source>
		<database>roboflow.ai</database>
	</source>
	<size>
		<width>300</width>
		<height>300</height>
		<depth>3</depth>
	</size>
	<segmented>0</segmented>
	<object>
		<name>1 RiceBlast</name>
		<pose>Unspecified</pose>
		<truncated>0</truncated>
		<difficult>0</difficult>
		<occluded>0</occluded>
		<bndbox>
			<xmin>77</xmin>
			<xmax>138</xmax>
			<ymin>112</ymin>
			<ymax>160</ymax>
		</bndbox>
	</object>
	<object>
		<name>1 RiceBlast</name>
		<pose>Unspecified</pose>
		<truncated>0</truncated>
		<difficult>0</difficult>
		<occluded>0</occluded>
		<bndbox>
			<xmin>45</xmin>
			<xmax>81</xmax>
			<ymin>110</ymin>
			<ymax>150</ymax>
		</bndbox>
	</object>
	<object>
		<name>1 RiceBlast</name>
		<pose>Unspecified</pose>
		<truncated>0</truncated>
		<difficult>0</difficult>
		<occluded>0</occluded>
		<bndbox>
			<xmin>42</xmin>
			<xmax>77</xmax>
			<ymin>41</ymin>
			<ymax>83</ymax>
		</bndbox>
	</object>
	<object>
		<name>1 RiceBlast</name>
		<pose>Unspecified</pose>
		<truncated>0</truncated>
		<difficult>0</difficult>
		<occluded>0</occluded>
		<bndbox>
			<xmin>43</xmin>
			<xmax>86</xmax>
			<ymin>25</ymin>
			<ymax>49</ymax>
		</bndbox>
	</object>
	<object>
		<name>1 RiceBlast</name>
		<pose>Unspecified</pose>
		<truncated>0</truncated>
		<difficult>0</difficult>
		<occluded>0</occluded>
		<bndbox>
			<xmin>143</xmin>
			<xmax>217</xmax>
			<ymin>223</ymin>
			<ymax>273</ymax>
		</bndbox>
	</object>
</annotation>
