<annotation>
	<folder></folder>
	<filename>blast_rotated_066_JPG.rf.33e4894fcfa5caa2d68ca3a5bc08e28c.jpg</filename>
	<path>blast_rotated_066_JPG.rf.33e4894fcfa5caa2d68ca3a5bc08e28c.jpg</path>
	<source>
		<database>roboflow.ai</database>
	</source>
	<size>
		<width>300</width>
		<height>300</height>
		<depth>3</depth>
	</size>
	<segmented>0</segmented>
	<object>
		<name>1 RiceBlast</name>
		<pose>Unspecified</pose>
		<truncated>0</truncated>
		<difficult>0</difficult>
		<occluded>0</occluded>
		<bndbox>
			<xmin>168</xmin>
			<xmax>224</xmax>
			<ymin>163</ymin>
			<ymax>216</ymax>
		</bndbox>
	</object>
	<object>
		<name>1 RiceBlast</name>
		<pose>Unspecified</pose>
		<truncated>0</truncated>
		<difficult>0</difficult>
		<occluded>0</occluded>
		<bndbox>
			<xmin>91</xmin>
			<xmax>137</xmax>
			<ymin>137</ymin>
			<ymax>198</ymax>
		</bndbox>
	</object>
	<object>
		<name>1 RiceBlast</name>
		<pose>Unspecified</pose>
		<truncated>0</truncated>
		<difficult>0</difficult>
		<occluded>0</occluded>
		<bndbox>
			<xmin>141</xmin>
			<xmax>208</xmax>
			<ymin>41</ymin>
			<ymax>104</ymax>
		</bndbox>
	</object>
</annotation>
