<annotation>
	<folder></folder>
	<filename>blast_rotated_065_JPG.rf.fecadf7d6edc9f1bbeb9007bd0efdcb9.jpg</filename>
	<path>blast_rotated_065_JPG.rf.fecadf7d6edc9f1bbeb9007bd0efdcb9.jpg</path>
	<source>
		<database>roboflow.ai</database>
	</source>
	<size>
		<width>300</width>
		<height>300</height>
		<depth>3</depth>
	</size>
	<segmented>0</segmented>
	<object>
		<name>1 RiceBlast</name>
		<pose>Unspecified</pose>
		<truncated>0</truncated>
		<difficult>0</difficult>
		<occluded>0</occluded>
		<bndbox>
			<xmin>176</xmin>
			<xmax>232</xmax>
			<ymin>100</ymin>
			<ymax>153</ymax>
		</bndbox>
	</object>
</annotation>
