<annotation>
	<folder></folder>
	<filename>blast_rotated_068_JPG.rf.98a1f40a873dcabefb5685965dd1bf50.jpg</filename>
	<path>blast_rotated_068_JPG.rf.98a1f40a873dcabefb5685965dd1bf50.jpg</path>
	<source>
		<database>roboflow.ai</database>
	</source>
	<size>
		<width>300</width>
		<height>300</height>
		<depth>3</depth>
	</size>
	<segmented>0</segmented>
	<object>
		<name>1 RiceBlast</name>
		<pose>Unspecified</pose>
		<truncated>0</truncated>
		<difficult>0</difficult>
		<occluded>0</occluded>
		<bndbox>
			<xmin>213</xmin>
			<xmax>293</xmax>
			<ymin>180</ymin>
			<ymax>264</ymax>
		</bndbox>
	</object>
	<object>
		<name>1 RiceBlast</name>
		<pose>Unspecified</pose>
		<truncated>0</truncated>
		<difficult>0</difficult>
		<occluded>0</occluded>
		<bndbox>
			<xmin>34</xmin>
			<xmax>176</xmax>
			<ymin>11</ymin>
			<ymax>125</ymax>
		</bndbox>
	</object>
</annotation>
