<annotation>
	<folder></folder>
	<filename>blast_rotated_073_jpg.rf.96ce0c9f65cf66b21f29e39edb11291b.jpg</filename>
	<path>blast_rotated_073_jpg.rf.96ce0c9f65cf66b21f29e39edb11291b.jpg</path>
	<source>
		<database>roboflow.ai</database>
	</source>
	<size>
		<width>300</width>
		<height>300</height>
		<depth>3</depth>
	</size>
	<segmented>0</segmented>
	<object>
		<name>1 RiceBlast</name>
		<pose>Unspecified</pose>
		<truncated>0</truncated>
		<difficult>0</difficult>
		<occluded>0</occluded>
		<bndbox>
			<xmin>131</xmin>
			<xmax>152</xmax>
			<ymin>160</ymin>
			<ymax>200</ymax>
		</bndbox>
	</object>
	<object>
		<name>1 RiceBlast</name>
		<pose>Unspecified</pose>
		<truncated>0</truncated>
		<difficult>0</difficult>
		<occluded>0</occluded>
		<bndbox>
			<xmin>155</xmin>
			<xmax>183</xmax>
			<ymin>130</ymin>
			<ymax>175</ymax>
		</bndbox>
	</object>
	<object>
		<name>1 RiceBlast</name>
		<pose>Unspecified</pose>
		<truncated>0</truncated>
		<difficult>0</difficult>
		<occluded>0</occluded>
		<bndbox>
			<xmin>130</xmin>
			<xmax>158</xmax>
			<ymin>94</ymin>
			<ymax>139</ymax>
		</bndbox>
	</object>
	<object>
		<name>1 RiceBlast</name>
		<pose>Unspecified</pose>
		<truncated>0</truncated>
		<difficult>0</difficult>
		<occluded>0</occluded>
		<bndbox>
			<xmin>154</xmin>
			<xmax>202</xmax>
			<ymin>62</ymin>
			<ymax>127</ymax>
		</bndbox>
	</object>
</annotation>
