<annotation>
	<folder></folder>
	<filename>blast_rotated_071_jpg.rf.5c5a5cc064f0bc66bfa8790e06b482bf.jpg</filename>
	<path>blast_rotated_071_jpg.rf.5c5a5cc064f0bc66bfa8790e06b482bf.jpg</path>
	<source>
		<database>roboflow.ai</database>
	</source>
	<size>
		<width>300</width>
		<height>300</height>
		<depth>3</depth>
	</size>
	<segmented>0</segmented>
	<object>
		<name>1 RiceBlast</name>
		<pose>Unspecified</pose>
		<truncated>0</truncated>
		<difficult>0</difficult>
		<occluded>0</occluded>
		<bndbox>
			<xmin>123</xmin>
			<xmax>182</xmax>
			<ymin>88</ymin>
			<ymax>234</ymax>
		</bndbox>
	</object>
	<object>
		<name>1 RiceBlast</name>
		<pose>Unspecified</pose>
		<truncated>0</truncated>
		<difficult>0</difficult>
		<occluded>0</occluded>
		<bndbox>
			<xmin>204</xmin>
			<xmax>268</xmax>
			<ymin>155</ymin>
			<ymax>224</ymax>
		</bndbox>
	</object>
</annotation>
