<annotation>
	<folder></folder>
	<filename>blast_rotated_080_jpg.rf.e9d5d0cfc231b8795f163686c948db4c.jpg</filename>
	<path>blast_rotated_080_jpg.rf.e9d5d0cfc231b8795f163686c948db4c.jpg</path>
	<source>
		<database>roboflow.ai</database>
	</source>
	<size>
		<width>300</width>
		<height>300</height>
		<depth>3</depth>
	</size>
	<segmented>0</segmented>
	<object>
		<name>1 RiceBlast</name>
		<pose>Unspecified</pose>
		<truncated>0</truncated>
		<difficult>0</difficult>
		<occluded>0</occluded>
		<bndbox>
			<xmin>175</xmin>
			<xmax>258</xmax>
			<ymin>83</ymin>
			<ymax>178</ymax>
		</bndbox>
	</object>
</annotation>
