<annotation>
	<folder></folder>
	<filename>blast_rotated_074_jpg.rf.338b4736787c33a1a2fc7e630af35b35.jpg</filename>
	<path>blast_rotated_074_jpg.rf.338b4736787c33a1a2fc7e630af35b35.jpg</path>
	<source>
		<database>roboflow.ai</database>
	</source>
	<size>
		<width>300</width>
		<height>300</height>
		<depth>3</depth>
	</size>
	<segmented>0</segmented>
	<object>
		<name>1 RiceBlast</name>
		<pose>Unspecified</pose>
		<truncated>0</truncated>
		<difficult>0</difficult>
		<occluded>0</occluded>
		<bndbox>
			<xmin>140</xmin>
			<xmax>159</xmax>
			<ymin>70</ymin>
			<ymax>104</ymax>
		</bndbox>
	</object>
	<object>
		<name>1 RiceBlast</name>
		<pose>Unspecified</pose>
		<truncated>0</truncated>
		<difficult>0</difficult>
		<occluded>0</occluded>
		<bndbox>
			<xmin>142</xmin>
			<xmax>180</xmax>
			<ymin>147</ymin>
			<ymax>190</ymax>
		</bndbox>
	</object>
	<object>
		<name>1 RiceBlast</name>
		<pose>Unspecified</pose>
		<truncated>0</truncated>
		<difficult>0</difficult>
		<occluded>0</occluded>
		<bndbox>
			<xmin>157</xmin>
			<xmax>185</xmax>
			<ymin>190</ymin>
			<ymax>226</ymax>
		</bndbox>
	</object>
	<object>
		<name>1 RiceBlast</name>
		<pose>Unspecified</pose>
		<truncated>0</truncated>
		<difficult>0</difficult>
		<occluded>0</occluded>
		<bndbox>
			<xmin>160</xmin>
			<xmax>180</xmax>
			<ymin>233</ymin>
			<ymax>253</ymax>
		</bndbox>
	</object>
</annotation>
