<annotation>
	<folder></folder>
	<filename>blast_rotated_075_jpg.rf.9543869478706245d1dc13a8e2289abd.jpg</filename>
	<path>blast_rotated_075_jpg.rf.9543869478706245d1dc13a8e2289abd.jpg</path>
	<source>
		<database>roboflow.ai</database>
	</source>
	<size>
		<width>300</width>
		<height>300</height>
		<depth>3</depth>
	</size>
	<segmented>0</segmented>
	<object>
		<name>1 RiceBlast</name>
		<pose>Unspecified</pose>
		<truncated>0</truncated>
		<difficult>0</difficult>
		<occluded>0</occluded>
		<bndbox>
			<xmin>107</xmin>
			<xmax>201</xmax>
			<ymin>65</ymin>
			<ymax>197</ymax>
		</bndbox>
	</object>
</annotation>
