<annotation>
	<folder></folder>
	<filename>blast_rotated_079_jpg.rf.075e36ec5273201aae855ea32ccf9939.jpg</filename>
	<path>blast_rotated_079_jpg.rf.075e36ec5273201aae855ea32ccf9939.jpg</path>
	<source>
		<database>roboflow.ai</database>
	</source>
	<size>
		<width>300</width>
		<height>300</height>
		<depth>3</depth>
	</size>
	<segmented>0</segmented>
	<object>
		<name>1 RiceBlast</name>
		<pose>Unspecified</pose>
		<truncated>0</truncated>
		<difficult>0</difficult>
		<occluded>0</occluded>
		<bndbox>
			<xmin>142</xmin>
			<xmax>163</xmax>
			<ymin>135</ymin>
			<ymax>158</ymax>
		</bndbox>
	</object>
</annotation>
