<annotation>
	<folder></folder>
	<filename>blight_orig_002_png.rf.093a7bc72666ede8b097f40af9432fe2.jpg</filename>
	<path>blight_orig_002_png.rf.093a7bc72666ede8b097f40af9432fe2.jpg</path>
	<source>
		<database>roboflow.ai</database>
	</source>
	<size>
		<width>300</width>
		<height>300</height>
		<depth>3</depth>
	</size>
	<segmented>0</segmented>
	<object>
		<name>2 BacterialBlight</name>
		<pose>Unspecified</pose>
		<truncated>0</truncated>
		<difficult>0</difficult>
		<occluded>0</occluded>
		<bndbox>
			<xmin>113</xmin>
			<xmax>214</xmax>
			<ymin>21</ymin>
			<ymax>242</ymax>
		</bndbox>
	</object>
</annotation>
