<annotation>
	<folder></folder>
	<filename>blight_orig_003_jpg.rf.8c85f4cac06bf84ae5786b7f9c08ee94.jpg</filename>
	<path>blight_orig_003_jpg.rf.8c85f4cac06bf84ae5786b7f9c08ee94.jpg</path>
	<source>
		<database>roboflow.ai</database>
	</source>
	<size>
		<width>300</width>
		<height>300</height>
		<depth>3</depth>
	</size>
	<segmented>0</segmented>
	<object>
		<name>2 BacterialBlight</name>
		<pose>Unspecified</pose>
		<truncated>0</truncated>
		<difficult>0</difficult>
		<occluded>0</occluded>
		<bndbox>
			<xmin>134</xmin>
			<xmax>228</xmax>
			<ymin>15</ymin>
			<ymax>253</ymax>
		</bndbox>
	</object>
</annotation>
