<annotation>
	<folder></folder>
	<filename>blight_orig_001_jpg.rf.014481c2ce45b7f4637afe7a1acb1d74.jpg</filename>
	<path>blight_orig_001_jpg.rf.014481c2ce45b7f4637afe7a1acb1d74.jpg</path>
	<source>
		<database>roboflow.ai</database>
	</source>
	<size>
		<width>300</width>
		<height>300</height>
		<depth>3</depth>
	</size>
	<segmented>0</segmented>
	<object>
		<name>2 BacterialBlight</name>
		<pose>Unspecified</pose>
		<truncated>0</truncated>
		<difficult>0</difficult>
		<occluded>0</occluded>
		<bndbox>
			<xmin>43</xmin>
			<xmax>238</xmax>
			<ymin>8</ymin>
			<ymax>284</ymax>
		</bndbox>
	</object>
</annotation>
