<annotation>
	<folder></folder>
	<filename>blight_orig_004_PNG.rf.d233af8fdfff5af2f211d1403046aec5.jpg</filename>
	<path>blight_orig_004_PNG.rf.d233af8fdfff5af2f211d1403046aec5.jpg</path>
	<source>
		<database>roboflow.ai</database>
	</source>
	<size>
		<width>300</width>
		<height>300</height>
		<depth>3</depth>
	</size>
	<segmented>0</segmented>
	<object>
		<name>2 BacterialBlight</name>
		<pose>Unspecified</pose>
		<truncated>0</truncated>
		<difficult>0</difficult>
		<occluded>0</occluded>
		<bndbox>
			<xmin>3</xmin>
			<xmax>220</xmax>
			<ymin>1</ymin>
			<ymax>296</ymax>
		</bndbox>
	</object>
</annotation>
