<annotation>
	<folder></folder>
	<filename>blight_orig_005_jpg.rf.399d09b8478a38882b9cb0cf8d1e4624.jpg</filename>
	<path>blight_orig_005_jpg.rf.399d09b8478a38882b9cb0cf8d1e4624.jpg</path>
	<source>
		<database>roboflow.ai</database>
	</source>
	<size>
		<width>300</width>
		<height>300</height>
		<depth>3</depth>
	</size>
	<segmented>0</segmented>
	<object>
		<name>2 BacterialBlight</name>
		<pose>Unspecified</pose>
		<truncated>0</truncated>
		<difficult>0</difficult>
		<occluded>0</occluded>
		<bndbox>
			<xmin>175</xmin>
			<xmax>293</xmax>
			<ymin>97</ymin>
			<ymax>242</ymax>
		</bndbox>
	</object>
</annotation>
