<annotation>
	<folder></folder>
	<filename>blight_orig_006_PNG.rf.e6f53dace9dbf2b303e2100e6bfac5aa.jpg</filename>
	<path>blight_orig_006_PNG.rf.e6f53dace9dbf2b303e2100e6bfac5aa.jpg</path>
	<source>
		<database>roboflow.ai</database>
	</source>
	<size>
		<width>300</width>
		<height>300</height>
		<depth>3</depth>
	</size>
	<segmented>0</segmented>
	<object>
		<name>2 BacterialBlight</name>
		<pose>Unspecified</pose>
		<truncated>0</truncated>
		<difficult>0</difficult>
		<occluded>0</occluded>
		<bndbox>
			<xmin>65</xmin>
			<xmax>209</xmax>
			<ymin>26</ymin>
			<ymax>261</ymax>
		</bndbox>
	</object>
</annotation>
