<annotation>
	<folder></folder>
	<filename>blight_orig_007_JPG.rf.ec3175913140235a0d28f4e46e0c8b2f.jpg</filename>
	<path>blight_orig_007_JPG.rf.ec3175913140235a0d28f4e46e0c8b2f.jpg</path>
	<source>
		<database>roboflow.ai</database>
	</source>
	<size>
		<width>300</width>
		<height>300</height>
		<depth>3</depth>
	</size>
	<segmented>0</segmented>
	<object>
		<name>2 BacterialBlight</name>
		<pose>Unspecified</pose>
		<truncated>0</truncated>
		<difficult>0</difficult>
		<occluded>0</occluded>
		<bndbox>
			<xmin>109</xmin>
			<xmax>180</xmax>
			<ymin>1</ymin>
			<ymax>297</ymax>
		</bndbox>
	</object>
	<object>
		<name>2 BacterialBlight</name>
		<pose>Unspecified</pose>
		<truncated>0</truncated>
		<difficult>0</difficult>
		<occluded>0</occluded>
		<bndbox>
			<xmin>173</xmin>
			<xmax>249</xmax>
			<ymin>2</ymin>
			<ymax>294</ymax>
		</bndbox>
	</object>
</annotation>
