<annotation>
	<folder></folder>
	<filename>blight_orig_008_PNG.rf.6d5d3ab7d79d9ffb8121dbf969358a75.jpg</filename>
	<path>blight_orig_008_PNG.rf.6d5d3ab7d79d9ffb8121dbf969358a75.jpg</path>
	<source>
		<database>roboflow.ai</database>
	</source>
	<size>
		<width>300</width>
		<height>300</height>
		<depth>3</depth>
	</size>
	<segmented>0</segmented>
	<object>
		<name>2 BacterialBlight</name>
		<pose>Unspecified</pose>
		<truncated>0</truncated>
		<difficult>0</difficult>
		<occluded>0</occluded>
		<bndbox>
			<xmin>45</xmin>
			<xmax>170</xmax>
			<ymin>1</ymin>
			<ymax>226</ymax>
		</bndbox>
	</object>
</annotation>
