<annotation>
	<folder></folder>
	<filename>blight_orig_013_jpg.rf.c9fcf3bced955f941e773b5d1af04f9d.jpg</filename>
	<path>blight_orig_013_jpg.rf.c9fcf3bced955f941e773b5d1af04f9d.jpg</path>
	<source>
		<database>roboflow.ai</database>
	</source>
	<size>
		<width>300</width>
		<height>300</height>
		<depth>3</depth>
	</size>
	<segmented>0</segmented>
	<object>
		<name>2 BacterialBlight</name>
		<pose>Unspecified</pose>
		<truncated>0</truncated>
		<difficult>0</difficult>
		<occluded>0</occluded>
		<bndbox>
			<xmin>38</xmin>
			<xmax>130</xmax>
			<ymin>142</ymin>
			<ymax>289</ymax>
		</bndbox>
	</object>
</annotation>
