<annotation>
	<folder></folder>
	<filename>blight_orig_009_JPG.rf.e34962067db53a5c0318e4c19186f790.jpg</filename>
	<path>blight_orig_009_JPG.rf.e34962067db53a5c0318e4c19186f790.jpg</path>
	<source>
		<database>roboflow.ai</database>
	</source>
	<size>
		<width>300</width>
		<height>300</height>
		<depth>3</depth>
	</size>
	<segmented>0</segmented>
	<object>
		<name>2 BacterialBlight</name>
		<pose>Unspecified</pose>
		<truncated>0</truncated>
		<difficult>0</difficult>
		<occluded>0</occluded>
		<bndbox>
			<xmin>18</xmin>
			<xmax>56</xmax>
			<ymin>44</ymin>
			<ymax>149</ymax>
		</bndbox>
	</object>
	<object>
		<name>2 BacterialBlight</name>
		<pose>Unspecified</pose>
		<truncated>0</truncated>
		<difficult>0</difficult>
		<occluded>0</occluded>
		<bndbox>
			<xmin>125</xmin>
			<xmax>183</xmax>
			<ymin>1</ymin>
			<ymax>300</ymax>
		</bndbox>
	</object>
</annotation>
