<annotation>
	<folder></folder>
	<filename>blight_orig_017_jpg.rf.9bb42195c24a8356654095ceb4611a10.jpg</filename>
	<path>blight_orig_017_jpg.rf.9bb42195c24a8356654095ceb4611a10.jpg</path>
	<source>
		<database>roboflow.ai</database>
	</source>
	<size>
		<width>300</width>
		<height>300</height>
		<depth>3</depth>
	</size>
	<segmented>0</segmented>
	<object>
		<name>2 BacterialBlight</name>
		<pose>Unspecified</pose>
		<truncated>0</truncated>
		<difficult>0</difficult>
		<occluded>0</occluded>
		<bndbox>
			<xmin>52</xmin>
			<xmax>155</xmax>
			<ymin>22</ymin>
			<ymax>251</ymax>
		</bndbox>
	</object>
</annotation>
