<annotation>
	<folder></folder>
	<filename>blight_orig_020_PNG.rf.dd7847c04f6647981329ab859909c8a4.jpg</filename>
	<path>blight_orig_020_PNG.rf.dd7847c04f6647981329ab859909c8a4.jpg</path>
	<source>
		<database>roboflow.ai</database>
	</source>
	<size>
		<width>300</width>
		<height>300</height>
		<depth>3</depth>
	</size>
	<segmented>0</segmented>
	<object>
		<name>2 BacterialBlight</name>
		<pose>Unspecified</pose>
		<truncated>0</truncated>
		<difficult>0</difficult>
		<occluded>0</occluded>
		<bndbox>
			<xmin>24</xmin>
			<xmax>285</xmax>
			<ymin>1</ymin>
			<ymax>300</ymax>
		</bndbox>
	</object>
</annotation>
