<annotation>
	<folder></folder>
	<filename>blight_orig_021_jpg.rf.c6bd1d10ff577c57aec77bf5e5679f34.jpg</filename>
	<path>blight_orig_021_jpg.rf.c6bd1d10ff577c57aec77bf5e5679f34.jpg</path>
	<source>
		<database>roboflow.ai</database>
	</source>
	<size>
		<width>300</width>
		<height>300</height>
		<depth>3</depth>
	</size>
	<segmented>0</segmented>
	<object>
		<name>2 BacterialBlight</name>
		<pose>Unspecified</pose>
		<truncated>0</truncated>
		<difficult>0</difficult>
		<occluded>0</occluded>
		<bndbox>
			<xmin>53</xmin>
			<xmax>213</xmax>
			<ymin>61</ymin>
			<ymax>280</ymax>
		</bndbox>
	</object>
</annotation>
