<annotation>
	<folder></folder>
	<filename>blight_orig_027_jpg.rf.b7f3e5758d55cf13367983fdcdecfee4.jpg</filename>
	<path>blight_orig_027_jpg.rf.b7f3e5758d55cf13367983fdcdecfee4.jpg</path>
	<source>
		<database>roboflow.ai</database>
	</source>
	<size>
		<width>300</width>
		<height>300</height>
		<depth>3</depth>
	</size>
	<segmented>0</segmented>
	<object>
		<name>2 BacterialBlight</name>
		<pose>Unspecified</pose>
		<truncated>0</truncated>
		<difficult>0</difficult>
		<occluded>0</occluded>
		<bndbox>
			<xmin>114</xmin>
			<xmax>153</xmax>
			<ymin>1</ymin>
			<ymax>281</ymax>
		</bndbox>
	</object>
</annotation>
