<annotation>
	<folder></folder>
	<filename>blight_orig_023_jpg.rf.81c7d43890dd61c3d7204b771d0e208d.jpg</filename>
	<path>blight_orig_023_jpg.rf.81c7d43890dd61c3d7204b771d0e208d.jpg</path>
	<source>
		<database>roboflow.ai</database>
	</source>
	<size>
		<width>300</width>
		<height>300</height>
		<depth>3</depth>
	</size>
	<segmented>0</segmented>
	<object>
		<name>2 BacterialBlight</name>
		<pose>Unspecified</pose>
		<truncated>0</truncated>
		<difficult>0</difficult>
		<occluded>0</occluded>
		<bndbox>
			<xmin>107</xmin>
			<xmax>173</xmax>
			<ymin>1</ymin>
			<ymax>300</ymax>
		</bndbox>
	</object>
</annotation>
