<annotation>
	<folder></folder>
	<filename>blight_orig_022_PNG.rf.ecbb9f2ba856d7a578e0d0f46eeb1ac7.jpg</filename>
	<path>blight_orig_022_PNG.rf.ecbb9f2ba856d7a578e0d0f46eeb1ac7.jpg</path>
	<source>
		<database>roboflow.ai</database>
	</source>
	<size>
		<width>300</width>
		<height>300</height>
		<depth>3</depth>
	</size>
	<segmented>0</segmented>
	<object>
		<name>2 BacterialBlight</name>
		<pose>Unspecified</pose>
		<truncated>0</truncated>
		<difficult>0</difficult>
		<occluded>0</occluded>
		<bndbox>
			<xmin>51</xmin>
			<xmax>252</xmax>
			<ymin>2</ymin>
			<ymax>300</ymax>
		</bndbox>
	</object>
</annotation>
