<annotation>
	<folder></folder>
	<filename>blight_orig_031_jpg.rf.ea333b40b385fa3364c674f7a19eda13.jpg</filename>
	<path>blight_orig_031_jpg.rf.ea333b40b385fa3364c674f7a19eda13.jpg</path>
	<source>
		<database>roboflow.ai</database>
	</source>
	<size>
		<width>300</width>
		<height>300</height>
		<depth>3</depth>
	</size>
	<segmented>0</segmented>
	<object>
		<name>2 BacterialBlight</name>
		<pose>Unspecified</pose>
		<truncated>0</truncated>
		<difficult>0</difficult>
		<occluded>0</occluded>
		<bndbox>
			<xmin>73</xmin>
			<xmax>258</xmax>
			<ymin>47</ymin>
			<ymax>300</ymax>
		</bndbox>
	</object>
</annotation>
