<annotation>
	<folder></folder>
	<filename>blight_orig_029_jpg.rf.1c6aefbcd3db0a910b134efa7b975ec8.jpg</filename>
	<path>blight_orig_029_jpg.rf.1c6aefbcd3db0a910b134efa7b975ec8.jpg</path>
	<source>
		<database>roboflow.ai</database>
	</source>
	<size>
		<width>300</width>
		<height>300</height>
		<depth>3</depth>
	</size>
	<segmented>0</segmented>
	<object>
		<name>2 BacterialBlight</name>
		<pose>Unspecified</pose>
		<truncated>0</truncated>
		<difficult>0</difficult>
		<occluded>0</occluded>
		<bndbox>
			<xmin>101</xmin>
			<xmax>175</xmax>
			<ymin>41</ymin>
			<ymax>198</ymax>
		</bndbox>
	</object>
</annotation>
