<annotation>
	<folder></folder>
	<filename>blight_orig_028_PNG.rf.fc5c18a3e148f660073903d28b94a4b3.jpg</filename>
	<path>blight_orig_028_PNG.rf.fc5c18a3e148f660073903d28b94a4b3.jpg</path>
	<source>
		<database>roboflow.ai</database>
	</source>
	<size>
		<width>300</width>
		<height>300</height>
		<depth>3</depth>
	</size>
	<segmented>0</segmented>
	<object>
		<name>2 BacterialBlight</name>
		<pose>Unspecified</pose>
		<truncated>0</truncated>
		<difficult>0</difficult>
		<occluded>0</occluded>
		<bndbox>
			<xmin>144</xmin>
			<xmax>285</xmax>
			<ymin>112</ymin>
			<ymax>300</ymax>
		</bndbox>
	</object>
</annotation>
