<annotation>
	<folder></folder>
	<filename>blight_orig_030_jpg.rf.9d8dae2c0fe1ea49ba262017a13d82fc.jpg</filename>
	<path>blight_orig_030_jpg.rf.9d8dae2c0fe1ea49ba262017a13d82fc.jpg</path>
	<source>
		<database>roboflow.ai</database>
	</source>
	<size>
		<width>300</width>
		<height>300</height>
		<depth>3</depth>
	</size>
	<segmented>0</segmented>
	<object>
		<name>2 BacterialBlight</name>
		<pose>Unspecified</pose>
		<truncated>0</truncated>
		<difficult>0</difficult>
		<occluded>0</occluded>
		<bndbox>
			<xmin>1</xmin>
			<xmax>167</xmax>
			<ymin>99</ymin>
			<ymax>300</ymax>
		</bndbox>
	</object>
</annotation>
