<annotation>
	<folder></folder>
	<filename>blight_orig_032_jpg.rf.934327de82d74cf37839127dcf4855ed.jpg</filename>
	<path>blight_orig_032_jpg.rf.934327de82d74cf37839127dcf4855ed.jpg</path>
	<source>
		<database>roboflow.ai</database>
	</source>
	<size>
		<width>300</width>
		<height>300</height>
		<depth>3</depth>
	</size>
	<segmented>0</segmented>
	<object>
		<name>2 BacterialBlight</name>
		<pose>Unspecified</pose>
		<truncated>0</truncated>
		<difficult>0</difficult>
		<occluded>0</occluded>
		<bndbox>
			<xmin>177</xmin>
			<xmax>242</xmax>
			<ymin>181</ymin>
			<ymax>273</ymax>
		</bndbox>
	</object>
</annotation>
