<annotation>
	<folder></folder>
	<filename>blight_orig_033_jpg.rf.1fb11cadd9d275fdf66e5a2fe45eb90d.jpg</filename>
	<path>blight_orig_033_jpg.rf.1fb11cadd9d275fdf66e5a2fe45eb90d.jpg</path>
	<source>
		<database>roboflow.ai</database>
	</source>
	<size>
		<width>300</width>
		<height>300</height>
		<depth>3</depth>
	</size>
	<segmented>0</segmented>
	<object>
		<name>2 BacterialBlight</name>
		<pose>Unspecified</pose>
		<truncated>0</truncated>
		<difficult>0</difficult>
		<occluded>0</occluded>
		<bndbox>
			<xmin>99</xmin>
			<xmax>184</xmax>
			<ymin>16</ymin>
			<ymax>233</ymax>
		</bndbox>
	</object>
</annotation>
