<annotation>
	<folder></folder>
	<filename>blight_orig_034_jpg.rf.2265fc6648971a14c0dc2190655292d5.jpg</filename>
	<path>blight_orig_034_jpg.rf.2265fc6648971a14c0dc2190655292d5.jpg</path>
	<source>
		<database>roboflow.ai</database>
	</source>
	<size>
		<width>300</width>
		<height>300</height>
		<depth>3</depth>
	</size>
	<segmented>0</segmented>
	<object>
		<name>2 BacterialBlight</name>
		<pose>Unspecified</pose>
		<truncated>0</truncated>
		<difficult>0</difficult>
		<occluded>0</occluded>
		<bndbox>
			<xmin>13</xmin>
			<xmax>113</xmax>
			<ymin>172</ymin>
			<ymax>288</ymax>
		</bndbox>
	</object>
</annotation>
