<annotation>
	<folder></folder>
	<filename>blight_orig_035_JPG.rf.901652fd5049ad4833004fe131bfbc53.jpg</filename>
	<path>blight_orig_035_JPG.rf.901652fd5049ad4833004fe131bfbc53.jpg</path>
	<source>
		<database>roboflow.ai</database>
	</source>
	<size>
		<width>300</width>
		<height>300</height>
		<depth>3</depth>
	</size>
	<segmented>0</segmented>
	<object>
		<name>2 BacterialBlight</name>
		<pose>Unspecified</pose>
		<truncated>0</truncated>
		<difficult>0</difficult>
		<occluded>0</occluded>
		<bndbox>
			<xmin>114</xmin>
			<xmax>198</xmax>
			<ymin>80</ymin>
			<ymax>229</ymax>
		</bndbox>
	</object>
</annotation>
