<annotation>
	<folder></folder>
	<filename>blight_orig_036_JPG.rf.2692c20ae135b997deec5d0024899047.jpg</filename>
	<path>blight_orig_036_JPG.rf.2692c20ae135b997deec5d0024899047.jpg</path>
	<source>
		<database>roboflow.ai</database>
	</source>
	<size>
		<width>300</width>
		<height>300</height>
		<depth>3</depth>
	</size>
	<segmented>0</segmented>
	<object>
		<name>2 BacterialBlight</name>
		<pose>Unspecified</pose>
		<truncated>0</truncated>
		<difficult>0</difficult>
		<occluded>0</occluded>
		<bndbox>
			<xmin>107</xmin>
			<xmax>235</xmax>
			<ymin>120</ymin>
			<ymax>300</ymax>
		</bndbox>
	</object>
</annotation>
