<annotation>
	<folder></folder>
	<filename>blight_orig_037_JPG.rf.6d61c07456e344e32541feaa30e97aca.jpg</filename>
	<path>blight_orig_037_JPG.rf.6d61c07456e344e32541feaa30e97aca.jpg</path>
	<source>
		<database>roboflow.ai</database>
	</source>
	<size>
		<width>300</width>
		<height>300</height>
		<depth>3</depth>
	</size>
	<segmented>0</segmented>
	<object>
		<name>2 BacterialBlight</name>
		<pose>Unspecified</pose>
		<truncated>0</truncated>
		<difficult>0</difficult>
		<occluded>0</occluded>
		<bndbox>
			<xmin>98</xmin>
			<xmax>245</xmax>
			<ymin>2</ymin>
			<ymax>299</ymax>
		</bndbox>
	</object>
</annotation>
