<annotation>
	<folder></folder>
	<filename>blight_orig_043_jpg.rf.671f789aa8fc27b72ab6c6407589fc9a.jpg</filename>
	<path>blight_orig_043_jpg.rf.671f789aa8fc27b72ab6c6407589fc9a.jpg</path>
	<source>
		<database>roboflow.ai</database>
	</source>
	<size>
		<width>300</width>
		<height>300</height>
		<depth>3</depth>
	</size>
	<segmented>0</segmented>
	<object>
		<name>2 BacterialBlight</name>
		<pose>Unspecified</pose>
		<truncated>0</truncated>
		<difficult>0</difficult>
		<occluded>0</occluded>
		<bndbox>
			<xmin>74</xmin>
			<xmax>261</xmax>
			<ymin>4</ymin>
			<ymax>298</ymax>
		</bndbox>
	</object>
</annotation>
