<annotation>
	<folder></folder>
	<filename>blight_orig_042_jpg.rf.79fc0f296f94e79bd10c0afff9d90119.jpg</filename>
	<path>blight_orig_042_jpg.rf.79fc0f296f94e79bd10c0afff9d90119.jpg</path>
	<source>
		<database>roboflow.ai</database>
	</source>
	<size>
		<width>300</width>
		<height>300</height>
		<depth>3</depth>
	</size>
	<segmented>0</segmented>
	<object>
		<name>2 BacterialBlight</name>
		<pose>Unspecified</pose>
		<truncated>0</truncated>
		<difficult>0</difficult>
		<occluded>0</occluded>
		<bndbox>
			<xmin>76</xmin>
			<xmax>300</xmax>
			<ymin>11</ymin>
			<ymax>180</ymax>
		</bndbox>
	</object>
</annotation>
