<annotation>
	<folder></folder>
	<filename>blight_orig_041_jpg.rf.fe1484dac0f13bd981004584e1a4cee5.jpg</filename>
	<path>blight_orig_041_jpg.rf.fe1484dac0f13bd981004584e1a4cee5.jpg</path>
	<source>
		<database>roboflow.ai</database>
	</source>
	<size>
		<width>300</width>
		<height>300</height>
		<depth>3</depth>
	</size>
	<segmented>0</segmented>
	<object>
		<name>2 BacterialBlight</name>
		<pose>Unspecified</pose>
		<truncated>0</truncated>
		<difficult>0</difficult>
		<occluded>0</occluded>
		<bndbox>
			<xmin>91</xmin>
			<xmax>271</xmax>
			<ymin>35</ymin>
			<ymax>294</ymax>
		</bndbox>
	</object>
</annotation>
