<annotation>
	<folder></folder>
	<filename>blight_orig_044_jpg.rf.7f8ad5f488afa90f46507ae5086ad66c.jpg</filename>
	<path>blight_orig_044_jpg.rf.7f8ad5f488afa90f46507ae5086ad66c.jpg</path>
	<source>
		<database>roboflow.ai</database>
	</source>
	<size>
		<width>300</width>
		<height>300</height>
		<depth>3</depth>
	</size>
	<segmented>0</segmented>
	<object>
		<name>2 BacterialBlight</name>
		<pose>Unspecified</pose>
		<truncated>0</truncated>
		<difficult>0</difficult>
		<occluded>0</occluded>
		<bndbox>
			<xmin>49</xmin>
			<xmax>234</xmax>
			<ymin>6</ymin>
			<ymax>299</ymax>
		</bndbox>
	</object>
</annotation>
