<annotation>
	<folder></folder>
	<filename>blight_orig_041_jpg.rf.02efa427423d0f74c7483691993dd7d8.jpg</filename>
	<path>blight_orig_041_jpg.rf.02efa427423d0f74c7483691993dd7d8.jpg</path>
	<source>
		<database>roboflow.ai</database>
	</source>
	<size>
		<width>300</width>
		<height>300</height>
		<depth>3</depth>
	</size>
	<segmented>0</segmented>
	<object>
		<name>2 BacterialBlight</name>
		<pose>Unspecified</pose>
		<truncated>0</truncated>
		<difficult>0</difficult>
		<occluded>0</occluded>
		<bndbox>
			<xmin>91</xmin>
			<xmax>271</xmax>
			<ymin>35</ymin>
			<ymax>294</ymax>
		</bndbox>
	</object>
</annotation>
