<annotation>
	<folder></folder>
	<filename>blight_orig_045_jpg.rf.acabb836344f8153a23d73f543451722.jpg</filename>
	<path>blight_orig_045_jpg.rf.acabb836344f8153a23d73f543451722.jpg</path>
	<source>
		<database>roboflow.ai</database>
	</source>
	<size>
		<width>300</width>
		<height>300</height>
		<depth>3</depth>
	</size>
	<segmented>0</segmented>
	<object>
		<name>2 BacterialBlight</name>
		<pose>Unspecified</pose>
		<truncated>0</truncated>
		<difficult>0</difficult>
		<occluded>0</occluded>
		<bndbox>
			<xmin>120</xmin>
			<xmax>210</xmax>
			<ymin>107</ymin>
			<ymax>220</ymax>
		</bndbox>
	</object>
</annotation>
