<annotation>
	<folder></folder>
	<filename>blight_orig_046_jpg.rf.2d604404ee1c9cc397059c642c324059.jpg</filename>
	<path>blight_orig_046_jpg.rf.2d604404ee1c9cc397059c642c324059.jpg</path>
	<source>
		<database>roboflow.ai</database>
	</source>
	<size>
		<width>300</width>
		<height>300</height>
		<depth>3</depth>
	</size>
	<segmented>0</segmented>
	<object>
		<name>2 BacterialBlight</name>
		<pose>Unspecified</pose>
		<truncated>0</truncated>
		<difficult>0</difficult>
		<occluded>0</occluded>
		<bndbox>
			<xmin>110</xmin>
			<xmax>197</xmax>
			<ymin>72</ymin>
			<ymax>187</ymax>
		</bndbox>
	</object>
</annotation>
