<annotation>
	<folder></folder>
	<filename>blight_orig_047_jpg.rf.dc999e6db47771f3b44361ea0831393e.jpg</filename>
	<path>blight_orig_047_jpg.rf.dc999e6db47771f3b44361ea0831393e.jpg</path>
	<source>
		<database>roboflow.ai</database>
	</source>
	<size>
		<width>300</width>
		<height>300</height>
		<depth>3</depth>
	</size>
	<segmented>0</segmented>
	<object>
		<name>2 BacterialBlight</name>
		<pose>Unspecified</pose>
		<truncated>0</truncated>
		<difficult>0</difficult>
		<occluded>0</occluded>
		<bndbox>
			<xmin>101</xmin>
			<xmax>195</xmax>
			<ymin>101</ymin>
			<ymax>198</ymax>
		</bndbox>
	</object>
</annotation>
