<annotation>
	<folder></folder>
	<filename>blight_orig_044_jpg.rf.728e6501d72e6c8d25c16efccc9336be.jpg</filename>
	<path>blight_orig_044_jpg.rf.728e6501d72e6c8d25c16efccc9336be.jpg</path>
	<source>
		<database>roboflow.ai</database>
	</source>
	<size>
		<width>300</width>
		<height>300</height>
		<depth>3</depth>
	</size>
	<segmented>0</segmented>
	<object>
		<name>2 BacterialBlight</name>
		<pose>Unspecified</pose>
		<truncated>0</truncated>
		<difficult>0</difficult>
		<occluded>0</occluded>
		<bndbox>
			<xmin>49</xmin>
			<xmax>234</xmax>
			<ymin>6</ymin>
			<ymax>299</ymax>
		</bndbox>
	</object>
</annotation>
