<annotation>
	<folder></folder>
	<filename>blight_orig_050_jpg.rf.9be889c5373426ff67ca7722831e9c87.jpg</filename>
	<path>blight_orig_050_jpg.rf.9be889c5373426ff67ca7722831e9c87.jpg</path>
	<source>
		<database>roboflow.ai</database>
	</source>
	<size>
		<width>300</width>
		<height>300</height>
		<depth>3</depth>
	</size>
	<segmented>0</segmented>
	<object>
		<name>2 BacterialBlight</name>
		<pose>Unspecified</pose>
		<truncated>0</truncated>
		<difficult>0</difficult>
		<occluded>0</occluded>
		<bndbox>
			<xmin>146</xmin>
			<xmax>291</xmax>
			<ymin>162</ymin>
			<ymax>300</ymax>
		</bndbox>
	</object>
</annotation>
