<annotation>
	<folder></folder>
	<filename>blight_orig_048_jpg.rf.a878fd5ff96f5c0eb9bfd1088015fc88.jpg</filename>
	<path>blight_orig_048_jpg.rf.a878fd5ff96f5c0eb9bfd1088015fc88.jpg</path>
	<source>
		<database>roboflow.ai</database>
	</source>
	<size>
		<width>300</width>
		<height>300</height>
		<depth>3</depth>
	</size>
	<segmented>0</segmented>
	<object>
		<name>2 BacterialBlight</name>
		<pose>Unspecified</pose>
		<truncated>0</truncated>
		<difficult>0</difficult>
		<occluded>0</occluded>
		<bndbox>
			<xmin>67</xmin>
			<xmax>207</xmax>
			<ymin>33</ymin>
			<ymax>268</ymax>
		</bndbox>
	</object>
</annotation>
