<annotation>
	<folder></folder>
	<filename>blight_orig_049_jpg.rf.75c1d3d308ed8d7d5bab837752bc9625.jpg</filename>
	<path>blight_orig_049_jpg.rf.75c1d3d308ed8d7d5bab837752bc9625.jpg</path>
	<source>
		<database>roboflow.ai</database>
	</source>
	<size>
		<width>300</width>
		<height>300</height>
		<depth>3</depth>
	</size>
	<segmented>0</segmented>
	<object>
		<name>2 BacterialBlight</name>
		<pose>Unspecified</pose>
		<truncated>0</truncated>
		<difficult>0</difficult>
		<occluded>0</occluded>
		<bndbox>
			<xmin>109</xmin>
			<xmax>223</xmax>
			<ymin>50</ymin>
			<ymax>181</ymax>
		</bndbox>
	</object>
</annotation>
