<annotation>
	<folder></folder>
	<filename>blight_orig_051_jpg.rf.a9016db593bfcea6f7b3e4d8d1ef5ca3.jpg</filename>
	<path>blight_orig_051_jpg.rf.a9016db593bfcea6f7b3e4d8d1ef5ca3.jpg</path>
	<source>
		<database>roboflow.ai</database>
	</source>
	<size>
		<width>300</width>
		<height>300</height>
		<depth>3</depth>
	</size>
	<segmented>0</segmented>
	<object>
		<name>2 BacterialBlight</name>
		<pose>Unspecified</pose>
		<truncated>0</truncated>
		<difficult>0</difficult>
		<occluded>0</occluded>
		<bndbox>
			<xmin>6</xmin>
			<xmax>186</xmax>
			<ymin>15</ymin>
			<ymax>299</ymax>
		</bndbox>
	</object>
</annotation>
