<annotation>
	<folder></folder>
	<filename>blight_orig_057_jpg.rf.4cbce1a9cbe034799af6ad8f65be4c9d.jpg</filename>
	<path>blight_orig_057_jpg.rf.4cbce1a9cbe034799af6ad8f65be4c9d.jpg</path>
	<source>
		<database>roboflow.ai</database>
	</source>
	<size>
		<width>300</width>
		<height>300</height>
		<depth>3</depth>
	</size>
	<segmented>0</segmented>
	<object>
		<name>2 BacterialBlight</name>
		<pose>Unspecified</pose>
		<truncated>0</truncated>
		<difficult>0</difficult>
		<occluded>0</occluded>
		<bndbox>
			<xmin>2</xmin>
			<xmax>90</xmax>
			<ymin>116</ymin>
			<ymax>178</ymax>
		</bndbox>
	</object>
</annotation>
