<annotation>
	<folder></folder>
	<filename>blight_orig_055_jpg.rf.b5c5a2ecccd98ad4eb78af1b247406f1.jpg</filename>
	<path>blight_orig_055_jpg.rf.b5c5a2ecccd98ad4eb78af1b247406f1.jpg</path>
	<source>
		<database>roboflow.ai</database>
	</source>
	<size>
		<width>300</width>
		<height>300</height>
		<depth>3</depth>
	</size>
	<segmented>0</segmented>
	<object>
		<name>2 BacterialBlight</name>
		<pose>Unspecified</pose>
		<truncated>0</truncated>
		<difficult>0</difficult>
		<occluded>0</occluded>
		<bndbox>
			<xmin>147</xmin>
			<xmax>246</xmax>
			<ymin>48</ymin>
			<ymax>281</ymax>
		</bndbox>
	</object>
</annotation>
