<annotation>
	<folder></folder>
	<filename>blight_orig_056_jpg.rf.bc95ebd664bdf9eabdf66e1c86cf2524.jpg</filename>
	<path>blight_orig_056_jpg.rf.bc95ebd664bdf9eabdf66e1c86cf2524.jpg</path>
	<source>
		<database>roboflow.ai</database>
	</source>
	<size>
		<width>300</width>
		<height>300</height>
		<depth>3</depth>
	</size>
	<segmented>0</segmented>
	<object>
		<name>2 BacterialBlight</name>
		<pose>Unspecified</pose>
		<truncated>0</truncated>
		<difficult>0</difficult>
		<occluded>0</occluded>
		<bndbox>
			<xmin>199</xmin>
			<xmax>261</xmax>
			<ymin>122</ymin>
			<ymax>300</ymax>
		</bndbox>
	</object>
</annotation>
