<annotation>
	<folder></folder>
	<filename>blight_orig_058_jpg.rf.9d38e7709b9a4de80043a3541b189d05.jpg</filename>
	<path>blight_orig_058_jpg.rf.9d38e7709b9a4de80043a3541b189d05.jpg</path>
	<source>
		<database>roboflow.ai</database>
	</source>
	<size>
		<width>300</width>
		<height>300</height>
		<depth>3</depth>
	</size>
	<segmented>0</segmented>
	<object>
		<name>2 BacterialBlight</name>
		<pose>Unspecified</pose>
		<truncated>0</truncated>
		<difficult>0</difficult>
		<occluded>0</occluded>
		<bndbox>
			<xmin>80</xmin>
			<xmax>189</xmax>
			<ymin>10</ymin>
			<ymax>165</ymax>
		</bndbox>
	</object>
</annotation>
