<annotation>
	<folder></folder>
	<filename>blight_orig_061_JPG.rf.4620b5e6f9b2ec8da80ea4ec029d0246.jpg</filename>
	<path>blight_orig_061_JPG.rf.4620b5e6f9b2ec8da80ea4ec029d0246.jpg</path>
	<source>
		<database>roboflow.ai</database>
	</source>
	<size>
		<width>300</width>
		<height>300</height>
		<depth>3</depth>
	</size>
	<segmented>0</segmented>
	<object>
		<name>2 BacterialBlight</name>
		<pose>Unspecified</pose>
		<truncated>0</truncated>
		<difficult>0</difficult>
		<occluded>0</occluded>
		<bndbox>
			<xmin>180</xmin>
			<xmax>257</xmax>
			<ymin>108</ymin>
			<ymax>300</ymax>
		</bndbox>
	</object>
</annotation>
