<annotation>
	<folder></folder>
	<filename>blight_orig_060_JPG.rf.effcd5337ad75753e2e666ba9532d90b.jpg</filename>
	<path>blight_orig_060_JPG.rf.effcd5337ad75753e2e666ba9532d90b.jpg</path>
	<source>
		<database>roboflow.ai</database>
	</source>
	<size>
		<width>300</width>
		<height>300</height>
		<depth>3</depth>
	</size>
	<segmented>0</segmented>
	<object>
		<name>2 BacterialBlight</name>
		<pose>Unspecified</pose>
		<truncated>0</truncated>
		<difficult>0</difficult>
		<occluded>0</occluded>
		<bndbox>
			<xmin>121</xmin>
			<xmax>215</xmax>
			<ymin>60</ymin>
			<ymax>217</ymax>
		</bndbox>
	</object>
</annotation>
