<annotation>
	<folder></folder>
	<filename>blight_orig_059_jpg.rf.10e35d0ce39a6fea8ecf170087aa25e3.jpg</filename>
	<path>blight_orig_059_jpg.rf.10e35d0ce39a6fea8ecf170087aa25e3.jpg</path>
	<source>
		<database>roboflow.ai</database>
	</source>
	<size>
		<width>300</width>
		<height>300</height>
		<depth>3</depth>
	</size>
	<segmented>0</segmented>
	<object>
		<name>2 BacterialBlight</name>
		<pose>Unspecified</pose>
		<truncated>0</truncated>
		<difficult>0</difficult>
		<occluded>0</occluded>
		<bndbox>
			<xmin>145</xmin>
			<xmax>231</xmax>
			<ymin>67</ymin>
			<ymax>263</ymax>
		</bndbox>
	</object>
</annotation>
