<annotation>
	<folder></folder>
	<filename>blight_orig_064_JPG.rf.c9216af446dc638137d00e3f369f208d.jpg</filename>
	<path>blight_orig_064_JPG.rf.c9216af446dc638137d00e3f369f208d.jpg</path>
	<source>
		<database>roboflow.ai</database>
	</source>
	<size>
		<width>300</width>
		<height>300</height>
		<depth>3</depth>
	</size>
	<segmented>0</segmented>
	<object>
		<name>2 BacterialBlight</name>
		<pose>Unspecified</pose>
		<truncated>0</truncated>
		<difficult>0</difficult>
		<occluded>0</occluded>
		<bndbox>
			<xmin>157</xmin>
			<xmax>284</xmax>
			<ymin>1</ymin>
			<ymax>205</ymax>
		</bndbox>
	</object>
</annotation>
