<annotation>
	<folder></folder>
	<filename>blight_orig_063_JPG.rf.d3486ec2e0668ba93c9d0ef08d384bdb.jpg</filename>
	<path>blight_orig_063_JPG.rf.d3486ec2e0668ba93c9d0ef08d384bdb.jpg</path>
	<source>
		<database>roboflow.ai</database>
	</source>
	<size>
		<width>300</width>
		<height>300</height>
		<depth>3</depth>
	</size>
	<segmented>0</segmented>
	<object>
		<name>2 BacterialBlight</name>
		<pose>Unspecified</pose>
		<truncated>0</truncated>
		<difficult>0</difficult>
		<occluded>0</occluded>
		<bndbox>
			<xmin>60</xmin>
			<xmax>129</xmax>
			<ymin>186</ymin>
			<ymax>300</ymax>
		</bndbox>
	</object>
</annotation>
