<annotation>
	<folder></folder>
	<filename>blight_orig_062_JPG.rf.6235c3670d188a48875cedeb74a6e0e0.jpg</filename>
	<path>blight_orig_062_JPG.rf.6235c3670d188a48875cedeb74a6e0e0.jpg</path>
	<source>
		<database>roboflow.ai</database>
	</source>
	<size>
		<width>300</width>
		<height>300</height>
		<depth>3</depth>
	</size>
	<segmented>0</segmented>
	<object>
		<name>2 BacterialBlight</name>
		<pose>Unspecified</pose>
		<truncated>0</truncated>
		<difficult>0</difficult>
		<occluded>0</occluded>
		<bndbox>
			<xmin>90</xmin>
			<xmax>180</xmax>
			<ymin>103</ymin>
			<ymax>300</ymax>
		</bndbox>
	</object>
</annotation>
