<annotation>
	<folder></folder>
	<filename>blight_orig_065_JPG.rf.596ae398af79d1e1b75df5a5da0d500d.jpg</filename>
	<path>blight_orig_065_JPG.rf.596ae398af79d1e1b75df5a5da0d500d.jpg</path>
	<source>
		<database>roboflow.ai</database>
	</source>
	<size>
		<width>300</width>
		<height>300</height>
		<depth>3</depth>
	</size>
	<segmented>0</segmented>
	<object>
		<name>2 BacterialBlight</name>
		<pose>Unspecified</pose>
		<truncated>0</truncated>
		<difficult>0</difficult>
		<occluded>0</occluded>
		<bndbox>
			<xmin>22</xmin>
			<xmax>170</xmax>
			<ymin>1</ymin>
			<ymax>177</ymax>
		</bndbox>
	</object>
</annotation>
