<annotation>
	<folder></folder>
	<filename>blight_orig_069_JPG.rf.2730611e5e784efb44056faf8983f0e0.jpg</filename>
	<path>blight_orig_069_JPG.rf.2730611e5e784efb44056faf8983f0e0.jpg</path>
	<source>
		<database>roboflow.ai</database>
	</source>
	<size>
		<width>300</width>
		<height>300</height>
		<depth>3</depth>
	</size>
	<segmented>0</segmented>
	<object>
		<name>2 BacterialBlight</name>
		<pose>Unspecified</pose>
		<truncated>0</truncated>
		<difficult>0</difficult>
		<occluded>0</occluded>
		<bndbox>
			<xmin>117</xmin>
			<xmax>252</xmax>
			<ymin>151</ymin>
			<ymax>299</ymax>
		</bndbox>
	</object>
</annotation>
