<annotation>
	<folder></folder>
	<filename>blight_orig_070_JPG.rf.b64a8a039372118f1a46c2f41fd732e2.jpg</filename>
	<path>blight_orig_070_JPG.rf.b64a8a039372118f1a46c2f41fd732e2.jpg</path>
	<source>
		<database>roboflow.ai</database>
	</source>
	<size>
		<width>300</width>
		<height>300</height>
		<depth>3</depth>
	</size>
	<segmented>0</segmented>
	<object>
		<name>2 BacterialBlight</name>
		<pose>Unspecified</pose>
		<truncated>0</truncated>
		<difficult>0</difficult>
		<occluded>0</occluded>
		<bndbox>
			<xmin>101</xmin>
			<xmax>279</xmax>
			<ymin>46</ymin>
			<ymax>269</ymax>
		</bndbox>
	</object>
</annotation>
