<annotation>
	<folder></folder>
	<filename>blight_orig_071_JPG.rf.9cb624636e99c5ce63aab2a58deb0630.jpg</filename>
	<path>blight_orig_071_JPG.rf.9cb624636e99c5ce63aab2a58deb0630.jpg</path>
	<source>
		<database>roboflow.ai</database>
	</source>
	<size>
		<width>300</width>
		<height>300</height>
		<depth>3</depth>
	</size>
	<segmented>0</segmented>
	<object>
		<name>2 BacterialBlight</name>
		<pose>Unspecified</pose>
		<truncated>0</truncated>
		<difficult>0</difficult>
		<occluded>0</occluded>
		<bndbox>
			<xmin>84</xmin>
			<xmax>253</xmax>
			<ymin>7</ymin>
			<ymax>284</ymax>
		</bndbox>
	</object>
</annotation>
