<annotation>
	<folder></folder>
	<filename>blight_orig_073_JPG.rf.1dd9112e3909bc38bb67da8b960d283b.jpg</filename>
	<path>blight_orig_073_JPG.rf.1dd9112e3909bc38bb67da8b960d283b.jpg</path>
	<source>
		<database>roboflow.ai</database>
	</source>
	<size>
		<width>300</width>
		<height>300</height>
		<depth>3</depth>
	</size>
	<segmented>0</segmented>
	<object>
		<name>2 BacterialBlight</name>
		<pose>Unspecified</pose>
		<truncated>0</truncated>
		<difficult>0</difficult>
		<occluded>0</occluded>
		<bndbox>
			<xmin>238</xmin>
			<xmax>300</xmax>
			<ymin>189</ymin>
			<ymax>292</ymax>
		</bndbox>
	</object>
	<object>
		<name>2 BacterialBlight</name>
		<pose>Unspecified</pose>
		<truncated>0</truncated>
		<difficult>0</difficult>
		<occluded>0</occluded>
		<bndbox>
			<xmin>198</xmin>
			<xmax>275</xmax>
			<ymin>57</ymin>
			<ymax>153</ymax>
		</bndbox>
	</object>
</annotation>
