<annotation>
	<folder></folder>
	<filename>blight_orig_072_JPG.rf.b480f71f5694beaca6784557d3a3078a.jpg</filename>
	<path>blight_orig_072_JPG.rf.b480f71f5694beaca6784557d3a3078a.jpg</path>
	<source>
		<database>roboflow.ai</database>
	</source>
	<size>
		<width>300</width>
		<height>300</height>
		<depth>3</depth>
	</size>
	<segmented>0</segmented>
	<object>
		<name>2 BacterialBlight</name>
		<pose>Unspecified</pose>
		<truncated>0</truncated>
		<difficult>0</difficult>
		<occluded>0</occluded>
		<bndbox>
			<xmin>1</xmin>
			<xmax>115</xmax>
			<ymin>166</ymin>
			<ymax>300</ymax>
		</bndbox>
	</object>
	<object>
		<name>2 BacterialBlight</name>
		<pose>Unspecified</pose>
		<truncated>0</truncated>
		<difficult>0</difficult>
		<occluded>0</occluded>
		<bndbox>
			<xmin>224</xmin>
			<xmax>289</xmax>
			<ymin>63</ymin>
			<ymax>229</ymax>
		</bndbox>
	</object>
</annotation>
