<annotation>
	<folder></folder>
	<filename>blight_orig_074_JPG.rf.5b8d10ef96fbc3fc758a02f78a54a858.jpg</filename>
	<path>blight_orig_074_JPG.rf.5b8d10ef96fbc3fc758a02f78a54a858.jpg</path>
	<source>
		<database>roboflow.ai</database>
	</source>
	<size>
		<width>300</width>
		<height>300</height>
		<depth>3</depth>
	</size>
	<segmented>0</segmented>
	<object>
		<name>2 BacterialBlight</name>
		<pose>Unspecified</pose>
		<truncated>0</truncated>
		<difficult>0</difficult>
		<occluded>0</occluded>
		<bndbox>
			<xmin>91</xmin>
			<xmax>211</xmax>
			<ymin>36</ymin>
			<ymax>300</ymax>
		</bndbox>
	</object>
</annotation>
