<annotation>
	<folder></folder>
	<filename>blight_orig_073_JPG.rf.7607bdefb74d88c6c6fb962f4dc75500.jpg</filename>
	<path>blight_orig_073_JPG.rf.7607bdefb74d88c6c6fb962f4dc75500.jpg</path>
	<source>
		<database>roboflow.ai</database>
	</source>
	<size>
		<width>300</width>
		<height>300</height>
		<depth>3</depth>
	</size>
	<segmented>0</segmented>
	<object>
		<name>2 BacterialBlight</name>
		<pose>Unspecified</pose>
		<truncated>0</truncated>
		<difficult>0</difficult>
		<occluded>0</occluded>
		<bndbox>
			<xmin>238</xmin>
			<xmax>300</xmax>
			<ymin>189</ymin>
			<ymax>292</ymax>
		</bndbox>
	</object>
	<object>
		<name>2 BacterialBlight</name>
		<pose>Unspecified</pose>
		<truncated>0</truncated>
		<difficult>0</difficult>
		<occluded>0</occluded>
		<bndbox>
			<xmin>198</xmin>
			<xmax>275</xmax>
			<ymin>57</ymin>
			<ymax>153</ymax>
		</bndbox>
	</object>
</annotation>
