<annotation>
	<folder></folder>
	<filename>blight_orig_089_jpg.rf.1acb58445b3459a44fc09be4dcbf4e0e.jpg</filename>
	<path>blight_orig_089_jpg.rf.1acb58445b3459a44fc09be4dcbf4e0e.jpg</path>
	<source>
		<database>roboflow.ai</database>
	</source>
	<size>
		<width>300</width>
		<height>300</height>
		<depth>3</depth>
	</size>
	<segmented>0</segmented>
	<object>
		<name>2 BacterialBlight</name>
		<pose>Unspecified</pose>
		<truncated>0</truncated>
		<difficult>0</difficult>
		<occluded>0</occluded>
		<bndbox>
			<xmin>78</xmin>
			<xmax>247</xmax>
			<ymin>10</ymin>
			<ymax>298</ymax>
		</bndbox>
	</object>
</annotation>
