<annotation>
	<folder></folder>
	<filename>blight_orig_078_jpg.rf.b75904acc55ace9df3e1cca8899c303a.jpg</filename>
	<path>blight_orig_078_jpg.rf.b75904acc55ace9df3e1cca8899c303a.jpg</path>
	<source>
		<database>roboflow.ai</database>
	</source>
	<size>
		<width>300</width>
		<height>300</height>
		<depth>3</depth>
	</size>
	<segmented>0</segmented>
	<object>
		<name>2 BacterialBlight</name>
		<pose>Unspecified</pose>
		<truncated>0</truncated>
		<difficult>0</difficult>
		<occluded>0</occluded>
		<bndbox>
			<xmin>14</xmin>
			<xmax>170</xmax>
			<ymin>125</ymin>
			<ymax>298</ymax>
		</bndbox>
	</object>
</annotation>
