<annotation>
	<folder></folder>
	<filename>blight_orig_077_jpg.rf.e28a20a2157932206159ceddfbdb0c9f.jpg</filename>
	<path>blight_orig_077_jpg.rf.e28a20a2157932206159ceddfbdb0c9f.jpg</path>
	<source>
		<database>roboflow.ai</database>
	</source>
	<size>
		<width>300</width>
		<height>300</height>
		<depth>3</depth>
	</size>
	<segmented>0</segmented>
	<object>
		<name>2 BacterialBlight</name>
		<pose>Unspecified</pose>
		<truncated>0</truncated>
		<difficult>0</difficult>
		<occluded>0</occluded>
		<bndbox>
			<xmin>130</xmin>
			<xmax>244</xmax>
			<ymin>106</ymin>
			<ymax>281</ymax>
		</bndbox>
	</object>
</annotation>
