<annotation>
	<folder></folder>
	<filename>blight_orig_076_jpg.rf.9f804da0179bf8148c5a5621ecf17361.jpg</filename>
	<path>blight_orig_076_jpg.rf.9f804da0179bf8148c5a5621ecf17361.jpg</path>
	<source>
		<database>roboflow.ai</database>
	</source>
	<size>
		<width>300</width>
		<height>300</height>
		<depth>3</depth>
	</size>
	<segmented>0</segmented>
	<object>
		<name>2 BacterialBlight</name>
		<pose>Unspecified</pose>
		<truncated>0</truncated>
		<difficult>0</difficult>
		<occluded>0</occluded>
		<bndbox>
			<xmin>115</xmin>
			<xmax>196</xmax>
			<ymin>1</ymin>
			<ymax>300</ymax>
		</bndbox>
	</object>
</annotation>
