<annotation>
	<folder></folder>
	<filename>blight_orig_079_jpg.rf.e61a17702c94d0f3de8c91bde2bb36bf.jpg</filename>
	<path>blight_orig_079_jpg.rf.e61a17702c94d0f3de8c91bde2bb36bf.jpg</path>
	<source>
		<database>roboflow.ai</database>
	</source>
	<size>
		<width>300</width>
		<height>300</height>
		<depth>3</depth>
	</size>
	<segmented>0</segmented>
	<object>
		<name>2 BacterialBlight</name>
		<pose>Unspecified</pose>
		<truncated>0</truncated>
		<difficult>0</difficult>
		<occluded>0</occluded>
		<bndbox>
			<xmin>134</xmin>
			<xmax>243</xmax>
			<ymin>1</ymin>
			<ymax>255</ymax>
		</bndbox>
	</object>
</annotation>
