<annotation>
	<folder></folder>
	<filename>blight_orig_075_jpg.rf.158b18a02a29101fa0585a42beeca832.jpg</filename>
	<path>blight_orig_075_jpg.rf.158b18a02a29101fa0585a42beeca832.jpg</path>
	<source>
		<database>roboflow.ai</database>
	</source>
	<size>
		<width>300</width>
		<height>300</height>
		<depth>3</depth>
	</size>
	<segmented>0</segmented>
	<object>
		<name>2 BacterialBlight</name>
		<pose>Unspecified</pose>
		<truncated>0</truncated>
		<difficult>0</difficult>
		<occluded>0</occluded>
		<bndbox>
			<xmin>3</xmin>
			<xmax>182</xmax>
			<ymin>43</ymin>
			<ymax>280</ymax>
		</bndbox>
	</object>
</annotation>
