<annotation>
	<folder></folder>
	<filename>blight_orig_090_jpg.rf.60db781f40aa2948bea4761d8d27f640.jpg</filename>
	<path>blight_orig_090_jpg.rf.60db781f40aa2948bea4761d8d27f640.jpg</path>
	<source>
		<database>roboflow.ai</database>
	</source>
	<size>
		<width>300</width>
		<height>300</height>
		<depth>3</depth>
	</size>
	<segmented>0</segmented>
	<object>
		<name>2 BacterialBlight</name>
		<pose>Unspecified</pose>
		<truncated>0</truncated>
		<difficult>0</difficult>
		<occluded>0</occluded>
		<bndbox>
			<xmin>146</xmin>
			<xmax>234</xmax>
			<ymin>113</ymin>
			<ymax>258</ymax>
		</bndbox>
	</object>
</annotation>
