<annotation>
	<folder></folder>
	<filename>blight_rotated_001_jpg.rf.986374c7133d601808a8691deef3ddf1.jpg</filename>
	<path>blight_rotated_001_jpg.rf.986374c7133d601808a8691deef3ddf1.jpg</path>
	<source>
		<database>roboflow.ai</database>
	</source>
	<size>
		<width>300</width>
		<height>300</height>
		<depth>3</depth>
	</size>
	<segmented>0</segmented>
	<object>
		<name>2 BacterialBlight</name>
		<pose>Unspecified</pose>
		<truncated>0</truncated>
		<difficult>0</difficult>
		<occluded>0</occluded>
		<bndbox>
			<xmin>168</xmin>
			<xmax>272</xmax>
			<ymin>16</ymin>
			<ymax>155</ymax>
		</bndbox>
	</object>
</annotation>
