<annotation>
	<folder></folder>
	<filename>blight_orig_093_jpg.rf.7857b34f60b0452c37e909069e3948bc.jpg</filename>
	<path>blight_orig_093_jpg.rf.7857b34f60b0452c37e909069e3948bc.jpg</path>
	<source>
		<database>roboflow.ai</database>
	</source>
	<size>
		<width>300</width>
		<height>300</height>
		<depth>3</depth>
	</size>
	<segmented>0</segmented>
	<object>
		<name>2 BacterialBlight</name>
		<pose>Unspecified</pose>
		<truncated>0</truncated>
		<difficult>0</difficult>
		<occluded>0</occluded>
		<bndbox>
			<xmin>146</xmin>
			<xmax>228</xmax>
			<ymin>68</ymin>
			<ymax>297</ymax>
		</bndbox>
	</object>
</annotation>
