<annotation>
	<folder></folder>
	<filename>blight_orig_092_jpg.rf.2a76a4bb190570da38ac89b3c48913a1.jpg</filename>
	<path>blight_orig_092_jpg.rf.2a76a4bb190570da38ac89b3c48913a1.jpg</path>
	<source>
		<database>roboflow.ai</database>
	</source>
	<size>
		<width>300</width>
		<height>300</height>
		<depth>3</depth>
	</size>
	<segmented>0</segmented>
	<object>
		<name>2 BacterialBlight</name>
		<pose>Unspecified</pose>
		<truncated>0</truncated>
		<difficult>0</difficult>
		<occluded>0</occluded>
		<bndbox>
			<xmin>198</xmin>
			<xmax>291</xmax>
			<ymin>89</ymin>
			<ymax>300</ymax>
		</bndbox>
	</object>
</annotation>
