<annotation>
	<folder></folder>
	<filename>blight_rotated_004_PNG.rf.e948f629bf24fbf493a5c6e69cdf88c5.jpg</filename>
	<path>blight_rotated_004_PNG.rf.e948f629bf24fbf493a5c6e69cdf88c5.jpg</path>
	<source>
		<database>roboflow.ai</database>
	</source>
	<size>
		<width>300</width>
		<height>300</height>
		<depth>3</depth>
	</size>
	<segmented>0</segmented>
	<object>
		<name>2 BacterialBlight</name>
		<pose>Unspecified</pose>
		<truncated>0</truncated>
		<difficult>0</difficult>
		<occluded>0</occluded>
		<bndbox>
			<xmin>53</xmin>
			<xmax>273</xmax>
			<ymin>2</ymin>
			<ymax>299</ymax>
		</bndbox>
	</object>
</annotation>
