<annotation>
	<folder></folder>
	<filename>blight_rotated_003_jpg.rf.fad273c2e5fcd3912a7ba366869da760.jpg</filename>
	<path>blight_rotated_003_jpg.rf.fad273c2e5fcd3912a7ba366869da760.jpg</path>
	<source>
		<database>roboflow.ai</database>
	</source>
	<size>
		<width>300</width>
		<height>300</height>
		<depth>3</depth>
	</size>
	<segmented>0</segmented>
	<object>
		<name>2 BacterialBlight</name>
		<pose>Unspecified</pose>
		<truncated>0</truncated>
		<difficult>0</difficult>
		<occluded>0</occluded>
		<bndbox>
			<xmin>37</xmin>
			<xmax>235</xmax>
			<ymin>3</ymin>
			<ymax>276</ymax>
		</bndbox>
	</object>
</annotation>
