<annotation>
	<folder></folder>
	<filename>blight_rotated_002_png.rf.d973f1ec36c1998dfc9c8949a79e7d4f.jpg</filename>
	<path>blight_rotated_002_png.rf.d973f1ec36c1998dfc9c8949a79e7d4f.jpg</path>
	<source>
		<database>roboflow.ai</database>
	</source>
	<size>
		<width>300</width>
		<height>300</height>
		<depth>3</depth>
	</size>
	<segmented>0</segmented>
	<object>
		<name>2 BacterialBlight</name>
		<pose>Unspecified</pose>
		<truncated>0</truncated>
		<difficult>0</difficult>
		<occluded>0</occluded>
		<bndbox>
			<xmin>91</xmin>
			<xmax>156</xmax>
			<ymin>79</ymin>
			<ymax>228</ymax>
		</bndbox>
	</object>
</annotation>
