<annotation>
	<folder></folder>
	<filename>blight_rotated_006_PNG.rf.9b77c48c671b095e456d78b4edb6713f.jpg</filename>
	<path>blight_rotated_006_PNG.rf.9b77c48c671b095e456d78b4edb6713f.jpg</path>
	<source>
		<database>roboflow.ai</database>
	</source>
	<size>
		<width>300</width>
		<height>300</height>
		<depth>3</depth>
	</size>
	<segmented>0</segmented>
	<object>
		<name>2 BacterialBlight</name>
		<pose>Unspecified</pose>
		<truncated>0</truncated>
		<difficult>0</difficult>
		<occluded>0</occluded>
		<bndbox>
			<xmin>153</xmin>
			<xmax>282</xmax>
			<ymin>111</ymin>
			<ymax>300</ymax>
		</bndbox>
	</object>
</annotation>
